date,signal_value
2026-07-27,100000.0
2026-07-27,100000.0
2026-07-27,100000.0
2026-07-27,100000.0
2026-07-27,100000.0
2026-07-27,100000.0
2026-07-27,100000.0
2026-07-27,100000.0
2026-07-27,100000.0
2026-07-27,100000.0
2026-07-27,100000.0
2026-07-27,100000.0
2026-07-27,100000.0
2026-07-27,100000.0
2026-07-27,100000.0
2026-07-27,99868.02
2026-07-27,99567.44
2026-07-27,98895.22
2026-07-28,98597.35
2026-07-28,98312.32
2026-07-28,96653.92
2026-07-28,96299.37
2026-07-28,96339.01
2026-07-28,96565.91
2026-07-28,96305.46
2026-07-28,96301.93
2026-07-28,96585.4
2026-07-28,96939.12
2026-07-28,96736.83
2026-07-28,96460.99
2026-07-28,96473.91
2026-07-28,95755.49
2026-07-28,95884.86
2026-07-28,96509.6
2026-07-28,96993.25
2026-07-28,96641.04
2026-07-28,96425.02
2026-07-28,96425.02
2026-07-28,96405.11
2026-07-28,96376.31
2026-07-28,96736.41
2026-07-28,96891.05
2026-07-28,96661.42
2026-07-29,96946.09
2026-07-29,96700.94
2026-07-29,96256.7
2026-07-29,96110.45
2026-07-29,95958.65
2026-07-29,96217.07
2026-07-29,96248.7
2026-07-29,96066.83
2026-07-29,96077.5
2026-07-29,95942.34
2026-07-29,95860.96
2026-07-29,95982.48
2026-07-29,96186.09
2026-07-29,95919.32
2026-07-29,95624.83
2026-07-29,95719.01
2026-07-29,95687.53
2026-07-29,96038.38
2026-07-29,96502.92
2026-07-29,95585.85
2026-07-29,95006.9
2026-07-29,94867.06
2026-07-29,95063.72
2026-07-29,95075.64
2026-07-30,95232.71
2026-07-30,95492.34
2026-07-30,95748.78
2026-07-30,95813.93
2026-07-30,95426.7
2026-07-30,95763.54
2026-07-30,95580.36
2026-07-30,95140.26
2026-07-30,95335.83
2026-07-30,96042.82
2026-07-30,96007.86
2026-07-30,96007.86
2026-07-30,96463.27
2026-07-30,96719.81
2026-07-30,96588.96
2026-07-30,96616.24
2026-07-30,96745.21
2026-07-30,96673.36
2026-07-30,96821.06
2026-07-30,96501.28
2026-07-30,96619.23
2026-07-30,96581.76
2026-07-30,96543.09
2026-07-30,96448.66
2026-07-30,96468.01
2026-07-31,96405.6
2026-07-31,96399.51
2026-07-31,96535.47
2026-07-31,96035.47
2026-07-31,96385.13
2026-07-31,96626.41
2026-07-31,96828.07
2026-07-31,96814.92
2026-07-31,96814.92
2026-07-31,97120.87
2026-07-31,96471.17
2026-07-31,96371.89
2026-07-31,96343.6
2026-07-31,96836.79
2026-07-31,96744.43
2026-07-31,96578.25
2026-07-31,96714.39
2026-07-31,96461.05
2026-07-31,96650.97
2026-07-31,96291.81
2026-07-31,95999.27
2026-07-31,96408.41
2026-07-31,96412.05
2026-07-31,96965.45
2026-07-31,96986.65
2026-08-01,97061.85
2026-08-01,97333.65
2026-08-01,97317.21
2026-08-01,97287.72
2026-08-01,97532.45
2026-08-01,97240.11
2026-08-01,97184.89
2026-08-01,96910.52
2026-08-01,96395.8
2026-08-01,95839.56
2026-08-01,96306.58
2026-08-01,96160.04
2026-08-01,95557.5
2026-08-01,95430.09
2026-08-01,95333.59
2026-08-01,95959.06
2026-08-01,95763.39
2026-08-01,95884.92
2026-08-01,95419.91
2026-08-01,95431.99
2026-08-01,95342.96
2026-08-01,95119.0
2026-08-01,95112.98
2026-08-01,95103.68
2026-08-02,95419.87
2026-08-02,95510.91
2026-08-02,96308.15
2026-08-02,96041.42
2026-08-02,95690.17
2026-08-02,95612.25
2026-08-02,95896.98
2026-08-02,95744.05
2026-08-02,95252.79
2026-08-02,95984.73
2026-08-02,95478.55
2026-08-02,95152.33
2026-08-02,95590.11
2026-08-02,95865.96
2026-08-02,96119.26
2026-08-02,96004.93
2026-08-02,95609.37
2026-08-02,95757.72
2026-08-02,96284.13
2026-08-02,96085.24
2026-08-02,96252.29
2026-08-02,96311.32
2026-08-02,96347.37
2026-08-02,95887.26
2026-08-03,95846.05
2026-08-03,95964.24
2026-08-03,95509.02
2026-08-03,95598.54
2026-08-03,95380.74
2026-08-03,95672.55
2026-08-03,95308.19
2026-08-03,94951.43
2026-08-03,94898.5
2026-08-03,94566.22
2026-08-03,94745.46
2026-08-03,94804.6
2026-08-03,94846.95
2026-08-03,94824.33
2026-08-03,95118.49
2026-08-03,95155.62
2026-08-03,95072.23
2026-08-03,95219.68
2026-08-03,95712.45
2026-08-03,95834.1
2026-08-03,95187.87
2026-08-03,95550.82
2026-08-03,95668.37
2026-08-03,95608.47
2026-08-03,95508.93
2026-08-04,95136.71
2026-08-04,95445.77
2026-08-04,95507.29
2026-08-04,95104.82
2026-08-04,95351.18
2026-08-04,95764.99
2026-08-04,95460.95
2026-08-04,95011.33
2026-08-04,95405.69
2026-08-04,94957.24
2026-08-04,94972.38
2026-08-04,95274.25
2026-08-04,94826.42
2026-08-04,94778.02
2026-08-04,94916.01
2026-08-04,94580.61
2026-08-04,94389.39
2026-08-04,94367.39
2026-08-04,94754.77
2026-08-04,94436.87
2026-08-04,94572.04
2026-08-04,94384.22
2026-08-04,94410.24
2026-08-04,94135.69
2026-08-05,94037.31
2026-08-05,94596.69
2026-08-05,94711.23
2026-08-05,94822.33
2026-08-05,94825.62
2026-08-05,94660.68
2026-08-05,94954.55
2026-08-05,95136.05
2026-08-05,95437.87
2026-08-05,94961.36
2026-08-05,94840.2
2026-08-05,94718.27
2026-08-05,95132.23
2026-08-05,95454.39
2026-08-05,94636.06
2026-08-05,94615.47
2026-08-05,95396.86
2026-08-05,95779.6
2026-08-05,95906.03
2026-08-05,95991.36
2026-08-05,95844.8
2026-08-05,95723.42
2026-08-05,95659.3
2026-08-05,95208.58
2026-08-06,95456.54
2026-08-06,95269.67
2026-08-06,95461.93
2026-08-06,95371.28
2026-08-06,95046.11
2026-08-06,94832.06
2026-08-06,94627.05
2026-08-06,94350.93
2026-08-06,93700.89
2026-08-06,93615.56
2026-08-06,93729.0
2026-08-06,93690.75
2026-08-06,93463.39
2026-08-06,92797.56
2026-08-06,92819.86
2026-08-06,92954.04
2026-08-06,93334.75
2026-08-06,93272.6
2026-08-06,93178.91
2026-08-06,92726.45
2026-08-06,92658.08
2026-08-06,92956.49
2026-08-06,92917.64
2026-08-06,92751.3
2026-08-07,93645.03
2026-08-07,94001.58
2026-08-07,93574.29
2026-08-07,93484.83
2026-08-07,93347.86
2026-08-07,93122.18
2026-08-07,93161.89
2026-08-07,93183.66
2026-08-07,93702.48
2026-08-07,93547.54
2026-08-07,93625.0
2026-08-07,93686.06
2026-08-07,93690.06
2026-08-07,93806.17
2026-08-07,93689.96
2026-08-07,93574.93
2026-08-07,93153.72
2026-08-07,93055.92
2026-08-07,92936.6
2026-08-07,93211.91
2026-08-07,93178.12
2026-08-07,93111.86
2026-08-07,92872.36
2026-08-07,93058.76
2026-08-08,92936.21
2026-08-08,93418.89
2026-08-08,93301.78
2026-08-08,93776.16
2026-08-08,93830.88
2026-08-08,93691.21
2026-08-08,93693.01
2026-08-08,93544.88
2026-08-08,93612.76
2026-08-08,93364.78
2026-08-08,93643.54
2026-08-08,93643.54
2026-08-08,92962.08
2026-08-08,92983.18
2026-08-08,92898.95
2026-08-08,93483.82
2026-08-08,93495.38
2026-08-08,93563.47
2026-08-08,93911.77
2026-08-08,93696.37
2026-08-08,93704.41
2026-08-08,93600.32
2026-08-08,93579.25
2026-08-08,93556.84
2026-08-08,93559.79
2026-08-09,93672.65
2026-08-09,93572.5
2026-08-09,93566.78
2026-08-09,93086.73
2026-08-09,93184.63
2026-08-09,93056.82
2026-08-09,93189.65
2026-08-09,93079.06
2026-08-09,93016.13
2026-08-09,92973.44
2026-08-09,92996.16
2026-08-09,93097.44
2026-08-09,93071.14
2026-08-09,93156.67
2026-08-09,93438.82
2026-08-09,94387.12
2026-08-09,94222.29
2026-08-09,94205.34
2026-08-09,94289.94
2026-08-09,94221.52
2026-08-09,94168.49
2026-08-09,94105.86
2026-08-09,93973.16
2026-08-09,93867.59
2026-08-10,93994.19
2026-08-10,93375.19
2026-08-10,93575.15
2026-08-10,93522.96
2026-08-10,93929.6
2026-08-10,94105.08
2026-08-10,94156.57
2026-08-10,94149.73
2026-08-10,93941.32
2026-08-10,93924.78
2026-08-10,93913.4
2026-08-10,93797.76
2026-08-10,93860.69
2026-08-10,93730.63
2026-08-10,93800.32
2026-08-10,93673.58
2026-08-10,93521.2
2026-08-10,93518.52
2026-08-10,94102.89
2026-08-10,94040.32
2026-08-10,94051.26
2026-08-10,93908.2
2026-08-10,93704.65
2026-08-10,93786.49
2026-08-11,93850.55
2026-08-11,94021.84
2026-08-11,93974.22
2026-08-11,93900.0
2026-08-11,93804.07
2026-08-11,93702.47
2026-08-11,93750.09
2026-08-11,93496.58
2026-08-11,93129.94
2026-08-11,93272.93
2026-08-11,93211.33
2026-08-11,93178.91
2026-08-11,93216.1
2026-08-11,93293.54
2026-08-11,91921.74
2026-08-11,91631.87
2026-08-11,91665.44
2026-08-11,91818.85
2026-08-11,91776.65
2026-08-11,91932.28
2026-08-11,92103.25
2026-08-11,91983.84
2026-08-11,92172.83
2026-08-11,92268.35
2026-08-12,92219.44
2026-08-12,92479.85
2026-08-12,92759.69
2026-08-12,92638.59
2026-08-12,92650.67
2026-08-12,92514.35
2026-08-12,92212.77
2026-08-12,92185.96
2026-08-12,92198.31
2026-08-12,92241.58
2026-08-12,92210.92
2026-08-12,92415.75
2026-08-12,92120.01
2026-08-12,92644.74
2026-08-12,91964.42
2026-08-12,91899.26
2026-08-12,92087.85
2026-08-12,92184.55
2026-08-12,92117.37
2026-08-12,91856.01
2026-08-12,91929.19
2026-08-12,91783.04
2026-08-12,91665.42
2026-08-12,91628.66
2026-08-13,91786.52
2026-08-13,91900.99
2026-08-13,92066.04
2026-08-13,92367.43
2026-08-13,92248.25
2026-08-13,92424.34
2026-08-13,92381.57
2026-08-13,92336.75
2026-08-13,92781.38
2026-08-13,92684.99
2026-08-13,92416.95
2026-08-13,92107.59
2026-08-13,92134.8
2026-08-13,92194.81
2026-08-13,92701.45
2026-08-13,92073.98
2026-08-13,91628.58
2026-08-13,91942.79
2026-08-13,92087.25
2026-08-13,91859.19
2026-08-13,91953.82
2026-08-13,91847.39
2026-08-13,91912.33
2026-08-13,91809.16
2026-08-14,91981.69
2026-08-14,92076.45
2026-08-14,92110.01
2026-08-14,91458.42
2026-08-14,91290.86
2026-08-14,91667.7
2026-08-14,91414.22
2026-08-14,91175.0
2026-08-14,91247.6
2026-08-14,91172.79
2026-08-14,90866.83
2026-08-14,90811.06
2026-08-14,90327.1
2026-08-14,90111.92
2026-08-14,90135.36
2026-08-14,90245.98
2026-08-14,90539.79
2026-08-14,90442.57
2026-08-14,90312.49
2026-08-14,90440.21
2026-08-14,90634.53
2026-08-14,90553.55
2026-08-14,90425.75
2026-08-14,90372.21
2026-08-15,90412.46
2026-08-15,90441.79
2026-08-15,90407.93
2026-08-15,90367.58
2026-08-15,90383.65
2026-08-15,90408.62
2026-08-15,90397.55
2026-08-15,90387.05
2026-08-15,90352.98
2026-08-15,90470.45
2026-08-15,90492.4
2026-08-15,90486.88
2026-08-15,90399.21
2026-08-15,90421.98
2026-08-15,90377.53
2026-08-15,90378.46
2026-08-15,90488.92
2026-08-15,90483.52
2026-08-15,90469.69
2026-08-15,90403.21
2026-08-15,90463.96
2026-08-15,90476.72
2026-08-15,90409.34
2026-08-15,90453.14
2026-08-16,90459.05
2026-08-16,90439.48
2026-08-16,90391.72
2026-08-16,90428.64
2026-08-16,90409.7
2026-08-16,90405.63
2026-08-16,90361.21
2026-08-16,90346.87
2026-08-16,90376.83
2026-08-16,90417.05
2026-08-16,90414.13
2026-08-16,90445.55
2026-08-16,90421.85
2026-08-16,90392.87
2026-08-16,90438.83
2026-08-16,90454.2
2026-08-16,90495.07
2026-08-16,90439.78
2026-08-16,90452.2
2026-08-16,90461.96
2026-08-16,90431.34
2026-08-16,90388.76
2026-08-16,90347.1
2026-08-16,90385.82
2026-08-17,90381.82
2026-08-17,90458.7
2026-08-17,90557.13
2026-08-17,90599.37
2026-08-17,90596.61
2026-08-17,90596.61
2026-08-17,90585.04
2026-08-17,90626.54
2026-08-17,90589.19
2026-08-17,90446.82
2026-08-17,90505.61
2026-08-17,90631.22
2026-08-17,90605.17
2026-08-17,90561.07
2026-08-17,90609.49
2026-08-17,90628.35
2026-08-17,90665.96
2026-08-17,90648.11
2026-08-17,90639.28
2026-08-17,90633.91
2026-08-17,90649.26
2026-08-17,90671.18
2026-08-17,90606.69
2026-08-17,90610.53
2026-08-17,90703.18
2026-08-18,90712.72
2026-08-18,90650.08
2026-08-18,90558.2
2026-08-18,91032.22
2026-08-18,91051.46
2026-08-18,91308.28
2026-08-18,91383.16
2026-08-18,91313.74
2026-08-18,91132.56
2026-08-18,91385.86
2026-08-18,91740.85
2026-08-18,91557.91
2026-08-18,91590.23
2026-08-18,91513.09
2026-08-18,92267.08
2026-08-18,91872.89
2026-08-18,92002.56
2026-08-18,91830.55
2026-08-18,91907.13
2026-08-18,91977.36
2026-08-18,91804.1
2026-08-18,91716.71
2026-08-18,91423.06
2026-08-18,91805.68
2026-08-19,91738.81
2026-08-19,92002.32
2026-08-19,91997.86
2026-08-19,92090.55
2026-08-19,92314.63
2026-08-19,92261.23
2026-08-19,92404.98
2026-08-19,92366.6
2026-08-19,92131.03
2026-08-19,92372.56
2026-08-19,92429.95
2026-08-19,92539.08
2026-08-19,92452.96
2026-08-19,92307.25
2026-08-19,93116.57
2026-08-19,93677.63
2026-08-19,93378.28
2026-08-19,93378.28
2026-08-19,93378.28
2026-08-19,93378.28
2026-08-19,93415.68
2026-08-19,93371.8
2026-08-19,93371.8
2026-08-19,93371.8
2026-08-20,93371.8
2026-08-20,93371.8
2026-08-20,93371.8
2026-08-20,93371.8
2026-08-20,93371.8
2026-08-20,93371.8
2026-08-20,93371.8
2026-08-20,93371.8
2026-08-20,93371.8
2026-08-20,93371.8
2026-08-20,93371.8
2026-08-20,93371.8
2026-08-20,93371.8
2026-08-20,93371.8
2026-08-20,93371.8
2026-08-20,93371.8
2026-08-20,93371.8
2026-08-20,93371.8
2026-08-20,93371.8
2026-08-20,93371.8
2026-08-20,93371.8
2026-08-20,93371.8
2026-08-20,93371.8
2026-08-20,93371.8
2026-08-21,93371.8
2026-08-21,93371.8
2026-08-21,93371.8
2026-08-21,93371.8
2026-08-21,93371.8
2026-08-21,93371.8
2026-08-21,93371.8
2026-08-21,93371.8
2026-08-21,93371.8
2026-08-21,93371.8
2026-08-21,93371.8
2026-08-21,93371.8
2026-08-21,93371.8
2026-08-21,93371.8
2026-08-21,93371.8
2026-08-21,93371.8
2026-08-21,93371.8
2026-08-21,93371.8
2026-08-21,93371.8
2026-08-21,93371.8
2026-08-21,93371.8
2026-08-21,93371.8
2026-08-21,93371.8
2026-08-21,93371.8
2026-08-22,93371.8
2026-08-22,93371.8
2026-08-22,93371.8
2026-08-22,93371.8
2026-08-22,93371.8
2026-08-22,93371.8
2026-08-22,93371.8
2026-08-22,93371.8
2026-08-22,93371.8
2026-08-22,93371.8
2026-08-22,93371.8
2026-08-22,93371.8
2026-08-22,93371.8
2026-08-22,93371.8
2026-08-22,93371.8
2026-08-22,93371.8
2026-08-22,93371.8
2026-08-22,93371.8
2026-08-22,93371.8
2026-08-22,93371.8
2026-08-22,93371.8
2026-08-22,93371.8
2026-08-22,93371.8
2026-08-22,93371.8
2026-08-23,93371.8
2026-08-23,93371.8
2026-08-23,93371.8
2026-08-23,93371.8
2026-08-23,93371.8
2026-08-23,93371.8
2026-08-23,93371.8
2026-08-23,93371.8
2026-08-23,93371.8
2026-08-23,93371.8
2026-08-23,93371.8
2026-08-23,93371.8
2026-08-23,93371.8
2026-08-23,93371.8
2026-08-23,93371.8
2026-08-23,93371.8
2026-08-23,93371.8
2026-08-23,93371.8
2026-08-23,93371.8
2026-08-23,93371.8
2026-08-23,93371.8
2026-08-23,93371.8
2026-08-23,93656.54
2026-08-23,93599.11
2026-08-24,93675.68
2026-08-24,93847.97
2026-08-24,93847.97
2026-08-24,93687.17
2026-08-24,93733.11
2026-08-24,93736.94
2026-08-24,93782.88
2026-08-24,93851.8
2026-08-24,93844.14
2026-08-24,93763.74
2026-08-24,93886.26
2026-08-24,93943.69
2026-08-24,93943.69
2026-08-24,93970.49
2026-08-24,93913.06
2026-08-24,93966.66
2026-08-24,94020.26
2026-08-24,93978.15
2026-08-24,93997.29
2026-08-24,94173.41
2026-08-24,94173.41
2026-08-24,94173.41
2026-08-24,93928.38
2026-08-24,93936.03
2026-08-25,93936.03
2026-08-25,93932.2
2026-08-25,94138.95
2026-08-25,94043.24
2026-08-25,94119.81
2026-08-25,94081.52
2026-08-25,94054.72
2026-08-25,94158.1
2026-08-25,94253.81
2026-08-25,94242.33
2026-08-25,94357.19
2026-08-25,94280.62
2026-08-25,94364.85
2026-08-25,94269.13
2026-08-25,94058.55
2026-08-25,94265.3
2026-08-25,94119.81
2026-08-25,94253.81
2026-08-25,94085.35
2026-08-25,94261.47
2026-08-25,93646.7
2026-08-25,93865.38
2026-08-25,93560.66
2026-08-25,93861.75
2026-08-26,93936.82
2026-08-26,94386.83
2026-08-26,94209.6
2026-08-26,93949.22
2026-08-26,94052.89
2026-08-26,94244.07
