rank,account,entry_mode,entry_rsi,exit_rsi,take_profit_pct,stop_loss_pct,position_size_pct,max_hold_hours,value_inr,cash_inr,holdings_inr,realized_pnl_inr,trades
1,acc_268,momentum,15.0,76.0,15.0,1.0,80.0,168.0,10763.79,385.28,10378.52,-176.94,8
2,acc_132,dip,30.0,64.0,10.0,3.0,80.0,168.0,10500.66,405.3,10095.37,0.0,2
3,acc_140,dip,30.0,72.0,15.0,5.0,80.0,168.0,10500.66,405.3,10095.37,0.0,2
4,acc_172,dip,33.0,80.0,15.0,3.0,80.0,168.0,10476.03,403.94,10072.09,0.0,2
5,acc_135,dip,30.0,68.0,8.0,1.5,60.0,168.0,10472.39,642.02,9830.37,0.0,3
6,acc_143,dip,30.0,76.0,12.0,2.0,60.0,168.0,10472.39,642.02,9830.37,0.0,3
7,acc_156,dip,33.0,64.0,6.0,1.5,80.0,168.0,10463.87,392.66,10071.21,-42.15,4
8,acc_164,dip,33.0,72.0,10.0,2.0,80.0,168.0,10463.87,392.66,10071.21,-42.15,4
9,acc_149,dip,30.0,85.0,6.0,3.0,40.0,720.0,10445.38,1327.0,9118.38,32.72,6
10,acc_199,dip,36.0,85.0,6.0,5.0,60.0,336.0,10418.58,647.17,9771.41,0.0,3
11,acc_197,dip,36.0,80.0,15.0,5.0,40.0,720.0,10416.33,781.35,9634.98,0.0,5
12,acc_157,dip,33.0,64.0,10.0,5.0,40.0,720.0,10415.49,2827.71,7587.78,93.45,7
13,acc_168,dip,33.0,76.0,12.0,3.0,30.0,720.0,10410.49,1183.95,9226.54,0.0,6
14,acc_136,dip,30.0,68.0,12.0,5.0,30.0,720.0,10390.03,1652.86,8737.17,-26.3,7
15,acc_139,dip,30.0,72.0,10.0,2.0,30.0,0.0,10390.03,1652.86,8737.17,-26.3,7
16,acc_147,dip,30.0,80.0,15.0,3.0,30.0,0.0,10390.03,1652.86,8737.17,-26.3,7
17,acc_138,dip,30.0,72.0,5.0,5.0,50.0,336.0,10384.97,5807.87,4577.11,243.04,5
18,acc_174,dip,33.0,85.0,6.0,5.0,20.0,72.0,10360.87,2105.61,8255.26,0.0,7
19,acc_170,dip,33.0,80.0,5.0,3.0,50.0,336.0,10357.58,6458.77,3898.81,274.73,6
20,acc_195,dip,36.0,80.0,5.0,5.0,30.0,0.0,10357.53,3349.17,7008.36,101.66,7
21,acc_131,dip,30.0,64.0,6.0,1.5,30.0,0.0,10355.94,3933.49,6422.45,86.28,9
22,acc_159,dip,33.0,68.0,4.0,5.0,60.0,168.0,10342.78,7867.78,2474.99,338.57,5
23,acc_128,dip,30.0,60.0,8.0,3.0,30.0,720.0,10336.42,6287.96,4048.46,186.96,9
24,acc_001,dip,30.0,72.0,4.0,2.0,40.0,0.0,10332.68,9434.7,897.98,387.82,9
25,acc_141,dip,30.0,76.0,4.0,2.0,40.0,336.0,10332.68,9434.7,897.98,387.82,9
26,acc_175,dip,33.0,85.0,12.0,1.5,60.0,168.0,10318.24,542.84,9775.41,-129.44,10
27,acc_166,dip,33.0,76.0,4.0,3.0,20.0,0.0,10290.15,7410.44,2879.7,248.41,11
28,acc_150,dip,30.0,85.0,12.0,1.5,20.0,0.0,10280.96,3219.15,7061.81,-51.12,9
29,acc_180,dip,36.0,64.0,3.0,5.0,80.0,168.0,10267.07,10267.07,0,366.73,4
30,acc_155,dip,33.0,64.0,3.0,5.0,30.0,0.0,10246.95,6891.28,3355.66,226.45,11
31,acc_189,dip,36.0,72.0,10.0,3.0,40.0,720.0,10239.37,990.6,9248.77,-160.87,9
32,acc_124,dip,28.0,85.0,6.0,2.0,80.0,72.0,10227.46,1848.17,8379.29,-123.1,5
33,acc_193,dip,36.0,76.0,12.0,5.0,10.0,72.0,10220.76,4799.59,5421.17,0.0,7
34,acc_275,momentum,15.0,85.0,12.0,5.0,30.0,72.0,10218.7,1209.85,9008.85,0.0,6
35,acc_475,momentum,40.0,85.0,15.0,5.0,30.0,168.0,10218.7,1209.85,9008.85,0.0,6
36,acc_178,dip,36.0,60.0,8.0,5.0,50.0,336.0,10217.54,8921.85,1295.69,260.9,7
37,acc_368,momentum,28.0,76.0,15.0,3.0,40.0,72.0,10209.83,811.5,9398.33,0.0,5
38,acc_496,momentum,45.0,80.0,12.0,5.0,40.0,72.0,10209.83,811.5,9398.33,0.0,5
39,acc_414,momentum,33.0,72.0,12.0,5.0,20.0,168.0,10204.82,2051.46,8153.36,64.07,10
40,acc_494,momentum,45.0,80.0,4.0,5.0,20.0,336.0,10199.32,2097.1,8102.22,129.86,16
41,acc_200,dip,36.0,85.0,12.0,2.0,30.0,720.0,10198.53,2325.7,7872.83,-76.79,24
42,acc_153,dip,33.0,60.0,8.0,5.0,10.0,72.0,10196.59,8108.63,2087.96,159.72,11
43,acc_237,dip,45.0,72.0,3.0,5.0,40.0,720.0,10194.95,782.51,9412.44,0.0,5
44,acc_130,dip,30.0,64.0,3.0,3.0,50.0,336.0,10192.92,10192.92,0,296.04,10
45,acc_239,dip,45.0,72.0,10.0,5.0,60.0,336.0,10191.39,643.73,9547.66,0.0,3
46,acc_134,dip,30.0,68.0,4.0,5.0,20.0,0.0,10190.91,9126.8,1064.1,224.84,13
47,acc_296,momentum,18.0,80.0,10.0,5.0,40.0,0.0,10188.04,1084.56,9103.48,97.85,7
48,acc_267,momentum,15.0,76.0,8.0,3.0,30.0,72.0,10186.98,1648.22,8538.75,95.53,10
49,acc_467,momentum,40.0,76.0,10.0,3.0,30.0,168.0,10186.98,1648.22,8538.75,95.53,10
50,acc_374,momentum,28.0,85.0,8.0,5.0,20.0,168.0,10186.07,2085.98,8100.09,112.9,10
51,acc_317,momentum,22.0,76.0,8.0,5.0,50.0,0.0,10183.95,697.24,9486.72,73.12,6
52,acc_349,momentum,25.0,85.0,8.0,3.0,50.0,0.0,10183.95,697.24,9486.72,73.12,6
53,acc_335,momentum,25.0,68.0,10.0,1.5,60.0,720.0,10183.61,476.59,9707.02,-2.28,16
54,acc_400,momentum,30.0,85.0,15.0,2.0,40.0,72.0,10182.72,1160.8,9021.92,80.83,14
55,acc_235,dip,45.0,68.0,8.0,5.0,30.0,0.0,10181.79,1180.9,9000.89,0.0,6
56,acc_387,momentum,30.0,72.0,4.0,3.0,30.0,72.0,10180.69,1528.1,8652.59,119.55,14
57,acc_185,dip,36.0,68.0,8.0,3.0,10.0,72.0,10178.16,5199.36,4978.8,-25.33,11
58,acc_160,dip,33.0,68.0,8.0,2.0,30.0,720.0,10171.03,2670.03,7501.01,-133.32,15
59,acc_315,momentum,22.0,76.0,2.0,5.0,30.0,72.0,10169.57,1638.27,8531.3,104.33,12
60,acc_307,momentum,22.0,64.0,12.0,3.0,30.0,72.0,10167.24,1316.55,8850.69,103.19,19
61,acc_334,momentum,25.0,68.0,5.0,5.0,20.0,168.0,10164.66,2047.24,8117.42,138.72,14
62,acc_427,momentum,36.0,60.0,6.0,3.0,30.0,168.0,10163.64,1534.15,8629.49,304.61,25
63,acc_375,momentum,28.0,85.0,15.0,1.5,60.0,720.0,10163.36,413.11,9750.25,-166.74,12
64,acc_260,momentum,15.0,68.0,8.0,5.0,80.0,168.0,10159.66,425.8,9733.86,0.0,2
65,acc_284,momentum,18.0,68.0,5.0,2.0,80.0,336.0,10159.66,425.8,9733.86,0.0,2
66,acc_292,momentum,18.0,76.0,8.0,3.0,80.0,336.0,10159.66,425.8,9733.86,0.0,2
67,acc_300,momentum,18.0,85.0,12.0,5.0,80.0,336.0,10159.66,425.8,9733.86,0.0,2
68,acc_324,momentum,22.0,85.0,8.0,2.0,80.0,336.0,10159.66,425.8,9733.86,0.0,2
69,acc_340,momentum,25.0,76.0,2.0,5.0,80.0,336.0,10159.66,425.8,9733.86,0.0,2
70,acc_364,momentum,28.0,72.0,12.0,2.0,80.0,336.0,10159.66,425.8,9733.86,0.0,2
71,acc_372,momentum,28.0,85.0,2.0,3.0,80.0,336.0,10159.66,425.8,9733.86,0.0,2
72,acc_412,momentum,33.0,72.0,4.0,3.0,80.0,336.0,10159.66,425.8,9733.86,0.0,2
73,acc_420,momentum,33.0,80.0,6.0,5.0,80.0,336.0,10159.66,425.8,9733.86,0.0,2
74,acc_444,momentum,36.0,80.0,4.0,2.0,80.0,720.0,10159.66,425.8,9733.86,0.0,2
75,acc_460,momentum,40.0,68.0,10.0,5.0,80.0,720.0,10159.66,425.8,9733.86,0.0,2
76,acc_484,momentum,45.0,68.0,6.0,2.0,80.0,720.0,10159.66,425.8,9733.86,0.0,2
77,acc_492,momentum,45.0,76.0,10.0,3.0,80.0,720.0,10159.66,425.8,9733.86,0.0,2
78,acc_500,momentum,45.0,85.0,15.0,5.0,80.0,720.0,10159.66,425.8,9733.86,0.0,2
79,acc_288,momentum,18.0,72.0,6.0,3.0,40.0,0.0,10159.37,1055.88,9103.48,55.52,7
80,acc_336,momentum,25.0,68.0,15.0,5.0,40.0,0.0,10159.37,1055.88,9103.48,55.52,7
81,acc_416,momentum,33.0,76.0,5.0,5.0,40.0,72.0,10159.37,1055.88,9103.48,55.52,7
82,acc_448,momentum,36.0,85.0,5.0,3.0,40.0,72.0,10159.37,1055.88,9103.48,55.52,7
83,acc_488,momentum,45.0,72.0,8.0,3.0,40.0,72.0,10159.37,1055.88,9103.48,55.52,7
84,acc_261,momentum,15.0,68.0,15.0,2.0,40.0,720.0,10159.33,1057.18,9102.15,79.9,14
85,acc_360,momentum,28.0,68.0,10.0,2.0,40.0,72.0,10159.33,1057.18,9102.15,79.9,14
86,acc_446,momentum,36.0,80.0,12.0,3.0,20.0,168.0,10155.61,2187.52,7968.09,-18.89,17
87,acc_145,dip,30.0,80.0,5.0,3.0,10.0,72.0,10155.21,7013.69,3141.52,59.02,10
88,acc_298,momentum,18.0,85.0,4.0,5.0,50.0,720.0,10155.1,681.36,9473.73,41.49,6
89,acc_309,momentum,22.0,68.0,5.0,3.0,50.0,0.0,10155.1,681.36,9473.73,41.49,6
90,acc_338,momentum,25.0,72.0,6.0,5.0,50.0,720.0,10155.1,681.36,9473.73,41.49,6
91,acc_370,momentum,28.0,80.0,6.0,3.0,50.0,720.0,10155.1,681.36,9473.73,41.49,6
92,acc_389,momentum,30.0,72.0,12.0,3.0,50.0,0.0,10155.1,681.36,9473.73,41.49,6
93,acc_437,momentum,36.0,72.0,4.0,5.0,50.0,0.0,10155.1,681.36,9473.73,41.49,6
94,acc_469,momentum,40.0,80.0,4.0,3.0,50.0,72.0,10155.1,681.36,9473.73,41.49,6
95,acc_461,momentum,40.0,72.0,2.0,2.0,50.0,72.0,10151.09,954.62,9196.47,68.64,12
96,acc_393,momentum,30.0,76.0,15.0,5.0,10.0,336.0,10150.99,4868.11,5282.89,0.0,7
97,acc_395,momentum,30.0,80.0,6.0,5.0,30.0,72.0,10149.73,1615.67,8534.06,65.29,8
98,acc_435,momentum,36.0,68.0,10.0,5.0,30.0,168.0,10149.73,1615.67,8534.06,65.29,8
99,acc_482,momentum,45.0,64.0,15.0,2.0,60.0,0.0,10149.25,727.27,9421.98,256.7,14
100,acc_322,momentum,22.0,85.0,2.0,2.0,50.0,720.0,10149.21,952.74,9196.47,75.95,14
101,acc_355,momentum,28.0,64.0,4.0,5.0,30.0,72.0,10148.97,1571.6,8577.38,214.55,19
102,acc_192,dip,36.0,76.0,8.0,1.5,30.0,720.0,10147.34,2390.1,7757.24,-126.46,28
103,acc_210,dip,40.0,68.0,8.0,3.0,50.0,336.0,10145.36,1710.26,8435.1,-191.99,16
104,acc_347,momentum,25.0,85.0,2.0,3.0,30.0,72.0,10143.31,1541.21,8602.1,98.71,16
105,acc_294,momentum,18.0,80.0,3.0,5.0,20.0,72.0,10140.03,2170.64,7969.39,83.44,12
106,acc_269,momentum,15.0,80.0,3.0,3.0,40.0,720.0,10137.66,1034.17,9103.48,27.46,7
107,acc_408,momentum,33.0,68.0,3.0,3.0,40.0,72.0,10137.66,1034.17,9103.48,27.46,7
108,acc_271,momentum,15.0,80.0,10.0,3.0,60.0,336.0,10137.35,710.87,9426.48,0.0,3
109,acc_311,momentum,22.0,68.0,15.0,3.0,60.0,336.0,10137.35,710.87,9426.48,0.0,3
110,acc_319,momentum,22.0,80.0,3.0,5.0,60.0,336.0,10137.35,710.87,9426.48,0.0,3
111,acc_359,momentum,28.0,68.0,5.0,5.0,60.0,720.0,10137.35,710.87,9426.48,0.0,3
112,acc_391,momentum,30.0,76.0,5.0,3.0,60.0,720.0,10137.35,710.87,9426.48,0.0,3
113,acc_399,momentum,30.0,85.0,8.0,5.0,60.0,720.0,10137.35,710.87,9426.48,0.0,3
114,acc_410,momentum,33.0,68.0,10.0,3.0,60.0,0.0,10137.35,710.87,9426.48,0.0,3
115,acc_418,momentum,33.0,76.0,15.0,5.0,60.0,0.0,10137.35,710.87,9426.48,0.0,3
116,acc_439,momentum,36.0,72.0,12.0,5.0,60.0,720.0,10137.35,710.87,9426.48,0.0,3
117,acc_450,momentum,36.0,85.0,15.0,3.0,60.0,0.0,10137.35,710.87,9426.48,0.0,3
118,acc_458,momentum,40.0,68.0,3.0,5.0,60.0,0.0,10137.35,710.87,9426.48,0.0,3
119,acc_471,momentum,40.0,80.0,12.0,3.0,60.0,720.0,10137.35,710.87,9426.48,0.0,3
120,acc_490,momentum,45.0,76.0,3.0,3.0,60.0,0.0,10137.35,710.87,9426.48,0.0,3
121,acc_498,momentum,45.0,85.0,5.0,5.0,60.0,0.0,10137.35,710.87,9426.48,0.0,3
122,acc_258,momentum,15.0,68.0,2.0,5.0,50.0,720.0,10137.11,671.36,9465.74,20.52,6
123,acc_290,momentum,18.0,76.0,2.0,3.0,50.0,720.0,10137.11,671.36,9465.74,20.52,6
124,acc_397,momentum,30.0,85.0,2.0,5.0,50.0,0.0,10137.11,671.36,9465.74,20.52,6
125,acc_129,dip,30.0,60.0,15.0,1.5,10.0,72.0,10136.18,7727.04,2409.14,39.29,11
126,acc_407,momentum,33.0,64.0,15.0,1.0,60.0,720.0,10130.62,813.95,9316.67,391.77,25
127,acc_486,momentum,45.0,72.0,2.0,3.0,20.0,336.0,10128.85,2240.02,7888.83,125.34,24
128,acc_474,momentum,40.0,85.0,10.0,1.5,60.0,0.0,10127.4,390.36,9737.04,50.64,17
129,acc_320,momentum,22.0,80.0,6.0,2.0,40.0,0.0,10125.79,878.67,9247.12,-33.36,14
130,acc_273,momentum,15.0,85.0,4.0,5.0,10.0,168.0,10125.52,4658.2,5467.32,92.68,12
131,acc_313,momentum,22.0,72.0,6.0,5.0,10.0,168.0,10125.52,4658.2,5467.32,92.68,12
132,acc_473,momentum,40.0,85.0,5.0,5.0,10.0,336.0,10125.52,4658.2,5467.32,92.68,12
133,acc_256,momentum,15.0,64.0,6.0,5.0,40.0,0.0,10123.45,837.04,9286.41,185.13,16
134,acc_456,momentum,40.0,64.0,8.0,5.0,40.0,72.0,10123.45,837.04,9286.41,185.13,16
135,acc_252,momentum,15.0,60.0,5.0,3.0,80.0,168.0,10123.33,348.72,9774.61,365.72,9
136,acc_452,momentum,40.0,60.0,6.0,3.0,80.0,720.0,10123.33,348.72,9774.61,365.72,9
137,acc_332,momentum,25.0,64.0,12.0,3.0,80.0,336.0,10115.6,290.9,9824.7,291.37,8
138,acc_380,momentum,30.0,64.0,4.0,5.0,80.0,336.0,10115.6,290.9,9824.7,291.37,8
139,acc_404,momentum,33.0,64.0,2.0,2.0,80.0,336.0,10115.6,290.9,9824.7,291.37,8
140,acc_431,momentum,36.0,64.0,8.0,3.0,60.0,720.0,10113.96,727.61,9386.35,183.59,10
141,acc_479,momentum,45.0,64.0,2.0,5.0,60.0,720.0,10113.96,727.61,9386.35,183.59,10
142,acc_459,momentum,40.0,68.0,6.0,2.0,30.0,168.0,10113.24,1399.18,8714.06,54.83,21
143,acc_421,momentum,33.0,80.0,12.0,2.0,50.0,0.0,10112.67,906.51,9206.17,-44.62,8
144,acc_330,momentum,25.0,64.0,4.0,3.0,50.0,720.0,10111.56,897.82,9213.73,155.01,13
145,acc_357,momentum,28.0,64.0,12.0,5.0,50.0,0.0,10111.56,897.82,9213.73,155.01,13
146,acc_429,momentum,36.0,64.0,2.0,3.0,50.0,0.0,10111.56,897.82,9213.73,155.01,13
147,acc_279,momentum,18.0,60.0,15.0,5.0,60.0,336.0,10109.9,452.79,9657.11,284.86,13
148,acc_351,momentum,28.0,60.0,3.0,3.0,60.0,720.0,10109.9,452.79,9657.11,284.86,13
149,acc_293,momentum,18.0,76.0,15.0,1.5,40.0,720.0,10109.62,1091.22,9018.4,-234.08,19
150,acc_286,momentum,18.0,68.0,15.0,3.0,20.0,72.0,10108.94,2065.75,8043.19,-28.84,18
151,acc_454,momentum,40.0,64.0,2.0,5.0,20.0,168.0,10108.78,2091.56,8017.22,138.22,20
152,acc_425,momentum,33.0,85.0,15.0,3.0,10.0,336.0,10108.58,4813.51,5295.07,-90.28,15
153,acc_117,dip,28.0,76.0,6.0,5.0,40.0,336.0,10105.86,3511.77,6594.1,-124.94,4
154,acc_314,momentum,22.0,72.0,12.0,1.5,50.0,720.0,10104.95,552.62,9552.33,-67.04,17
155,acc_263,momentum,15.0,72.0,6.0,2.0,60.0,336.0,10104.66,638.55,9466.11,-22.56,5
156,acc_343,momentum,25.0,76.0,15.0,2.0,60.0,720.0,10104.66,638.55,9466.11,-22.56,5
157,acc_383,momentum,30.0,68.0,3.0,2.0,60.0,720.0,10104.66,638.55,9466.11,-22.56,5
158,acc_423,momentum,33.0,85.0,5.0,2.0,60.0,720.0,10104.66,638.55,9466.11,-22.56,5
159,acc_442,momentum,36.0,76.0,10.0,2.0,60.0,0.0,10104.66,638.55,9466.11,-22.56,5
160,acc_463,momentum,40.0,72.0,8.0,2.0,60.0,720.0,10104.66,638.55,9466.11,-22.56,5
161,acc_341,momentum,25.0,76.0,5.0,2.0,50.0,0.0,10102.07,931.76,9170.31,6.13,10
162,acc_362,momentum,28.0,72.0,4.0,2.0,50.0,720.0,10102.07,931.76,9170.31,6.13,10
163,acc_295,momentum,18.0,80.0,6.0,1.5,60.0,336.0,10101.71,756.05,9345.66,90.79,17
164,acc_119,dip,28.0,80.0,2.0,5.0,60.0,168.0,10095.36,3973.7,6121.66,18.51,5
165,acc_440,momentum,36.0,76.0,3.0,2.0,40.0,72.0,10094.63,1011.2,9083.43,51.0,22
166,acc_396,momentum,30.0,80.0,12.0,1.5,80.0,336.0,10091.99,424.63,9667.36,34.53,9
167,acc_176,dip,36.0,60.0,2.0,5.0,30.0,720.0,10090.53,8794.93,1295.61,192.23,15
168,acc_433,momentum,36.0,68.0,3.0,5.0,10.0,336.0,10089.4,4665.25,5424.15,80.91,14
169,acc_233,dip,45.0,68.0,2.0,5.0,10.0,168.0,10084.92,4976.76,5108.16,17.42,9
170,acc_191,dip,36.0,76.0,4.0,3.0,60.0,336.0,10084.44,9091.34,993.1,198.89,11
171,acc_381,momentum,30.0,64.0,8.0,2.0,50.0,0.0,10082.54,709.6,9372.94,200.95,19
172,acc_392,momentum,30.0,76.0,10.0,1.5,40.0,72.0,10082.51,786.51,9296.0,-128.02,25
173,acc_225,dip,40.0,85.0,12.0,3.0,10.0,168.0,10081.74,5428.77,4652.97,-79.38,22
174,acc_366,momentum,28.0,76.0,5.0,3.0,20.0,168.0,10080.42,2135.98,7944.44,45.17,20
175,acc_116,dip,28.0,76.0,4.0,1.5,80.0,72.0,10079.26,10079.26,0,192.52,6
176,acc_280,momentum,18.0,64.0,4.0,2.0,40.0,0.0,10076.55,1197.79,8878.76,223.37,26
177,acc_111,dip,28.0,68.0,12.0,3.0,60.0,168.0,10074.79,3790.32,6284.47,-165.14,5
178,acc_151,dip,33.0,60.0,2.0,3.0,60.0,168.0,10073.42,6064.51,4008.9,192.57,9
179,acc_115,dip,28.0,72.0,15.0,5.0,30.0,0.0,10069.2,4809.87,5259.32,-109.32,4
180,acc_434,momentum,36.0,68.0,6.0,1.5,60.0,0.0,10066.54,612.06,9454.48,40.04,20
181,acc_348,momentum,25.0,85.0,5.0,1.0,80.0,336.0,10058.46,285.94,9772.52,317.46,14
182,acc_388,momentum,30.0,72.0,8.0,1.0,80.0,336.0,10058.46,285.94,9772.52,317.46,14
183,acc_274,momentum,15.0,85.0,8.0,1.5,50.0,720.0,10057.65,572.6,9485.05,-0.99,17
184,acc_137,dip,30.0,72.0,3.0,2.0,10.0,72.0,10057.55,10057.55,0,112.12,14
185,acc_477,momentum,45.0,60.0,6.0,5.0,50.0,72.0,10057.53,866.26,9191.27,288.32,19
186,acc_198,dip,36.0,85.0,4.0,2.0,20.0,72.0,10055.75,7208.69,2847.06,51.8,28
187,acc_350,momentum,25.0,85.0,15.0,1.5,20.0,168.0,10055.28,2156.76,7898.52,-257.42,34
188,acc_103,dip,28.0,60.0,8.0,2.0,60.0,168.0,10054.78,3770.31,6284.47,-185.35,5
189,acc_282,momentum,18.0,64.0,12.0,2.0,50.0,720.0,10052.62,935.39,9117.22,93.87,15
190,acc_303,momentum,22.0,60.0,10.0,2.0,60.0,336.0,10049.46,451.81,9597.65,260.99,15
191,acc_402,momentum,33.0,60.0,6.0,2.0,60.0,0.0,10049.46,451.81,9597.65,260.99,15
192,acc_299,momentum,18.0,85.0,8.0,2.0,30.0,72.0,10048.33,1320.37,8727.96,-138.22,17
193,acc_339,momentum,25.0,72.0,12.0,2.0,30.0,72.0,10048.33,1320.37,8727.96,-138.22,17
194,acc_187,dip,36.0,72.0,3.0,3.0,30.0,0.0,10045.9,8525.21,1520.69,99.45,17
195,acc_337,momentum,25.0,72.0,4.0,2.0,10.0,168.0,10044.35,4768.91,5275.44,30.08,32
196,acc_276,momentum,18.0,60.0,3.0,1.5,80.0,168.0,10043.86,286.01,9757.85,278.02,16
197,acc_318,momentum,22.0,76.0,15.0,2.0,20.0,168.0,10043.67,2137.64,7906.03,-177.17,22
198,acc_154,dip,33.0,60.0,15.0,1.5,50.0,336.0,10043.38,10043.38,0,191.77,18
199,acc_432,momentum,36.0,64.0,15.0,1.5,40.0,72.0,10040.89,1245.21,8795.68,-73.73,31
200,acc_436,momentum,36.0,72.0,2.0,1.5,80.0,720.0,10040.86,263.61,9777.25,293.99,16
201,acc_480,momentum,45.0,64.0,5.0,2.0,40.0,72.0,10040.34,1085.69,8954.64,96.22,23
202,acc_345,momentum,25.0,80.0,6.0,3.0,10.0,168.0,10040.33,4628.22,5412.11,29.65,20
203,acc_385,momentum,30.0,68.0,10.0,3.0,10.0,336.0,10040.33,4628.22,5412.11,29.65,20
204,acc_257,momentum,15.0,64.0,12.0,2.0,10.0,168.0,10039.6,4580.02,5459.59,-45.91,31
205,acc_378,momentum,30.0,60.0,10.0,5.0,50.0,720.0,10039.32,530.96,9508.36,296.37,20
206,acc_406,momentum,33.0,64.0,8.0,3.0,20.0,168.0,10037.7,2040.34,7997.35,66.35,28
207,acc_171,dip,33.0,80.0,10.0,1.5,30.0,0.0,10037.09,3367.16,6669.93,-215.52,18
208,acc_259,momentum,15.0,68.0,5.0,2.0,30.0,0.0,10036.34,1633.95,8402.39,-7.74,23
209,acc_495,momentum,45.0,80.0,8.0,1.5,80.0,0.0,10035.58,375.72,9659.86,-2.66,9
210,acc_438,momentum,36.0,72.0,8.0,2.0,20.0,168.0,10031.86,2198.98,7832.88,-80.67,24
211,acc_254,momentum,15.0,60.0,15.0,5.0,20.0,72.0,10030.26,2197.07,7833.19,144.35,28
212,acc_277,momentum,18.0,60.0,5.0,5.0,40.0,720.0,10029.76,983.87,9045.89,285.37,21
213,acc_328,momentum,25.0,60.0,10.0,3.0,40.0,0.0,10029.76,983.87,9045.89,285.37,21
214,acc_376,momentum,30.0,60.0,3.0,5.0,40.0,72.0,10029.76,983.87,9045.89,285.37,21
215,acc_126,dip,30.0,60.0,2.0,3.0,20.0,0.0,10028.77,10028.77,0,122.26,14
216,acc_398,momentum,30.0,85.0,5.0,2.0,20.0,168.0,10025.25,2065.53,7959.72,-78.35,26
217,acc_419,momentum,33.0,80.0,4.0,2.0,30.0,168.0,10024.84,1430.67,8594.17,9.07,25
218,acc_179,dip,36.0,60.0,15.0,2.0,30.0,0.0,10024.21,7351.42,2672.79,54.92,29
219,acc_214,dip,40.0,72.0,10.0,5.0,20.0,72.0,10022.57,2026.21,7996.37,-140.97,13
220,acc_455,momentum,40.0,64.0,5.0,1.5,60.0,720.0,10021.46,384.18,9637.27,19.26,23
221,acc_310,momentum,22.0,68.0,10.0,1.5,20.0,72.0,10021.36,2103.53,7917.83,-96.47,43
222,acc_316,momentum,22.0,76.0,5.0,1.5,80.0,336.0,10021.1,408.67,9612.43,-43.14,9
223,acc_270,momentum,15.0,80.0,6.0,1.5,20.0,72.0,10017.73,2166.25,7851.48,-69.14,41
224,acc_113,dip,28.0,72.0,5.0,5.0,10.0,72.0,10016.36,8050.31,1966.06,-46.85,4
225,acc_181,dip,36.0,64.0,6.0,2.0,40.0,720.0,10016.04,4608.82,5407.23,-105.01,27
226,acc_308,momentum,22.0,68.0,3.0,1.0,80.0,336.0,10015.42,338.08,9677.34,173.71,11
227,acc_373,momentum,28.0,85.0,5.0,1.5,50.0,0.0,10013.41,750.29,9263.12,83.84,21
228,acc_465,momentum,40.0,76.0,3.0,3.0,10.0,336.0,10011.2,4568.76,5442.43,-5.17,24
229,acc_476,momentum,45.0,60.0,4.0,1.5,80.0,720.0,10010.07,284.26,9725.81,263.57,16
230,acc_394,momentum,30.0,80.0,4.0,1.5,60.0,0.0,10008.92,511.43,9497.49,4.13,22
231,acc_415,momentum,33.0,76.0,3.0,1.5,60.0,720.0,10008.92,511.43,9497.49,4.13,22
232,acc_417,momentum,33.0,76.0,10.0,2.0,10.0,336.0,10004.48,4609.83,5394.66,-73.62,24
233,acc_177,dip,36.0,60.0,5.0,2.0,10.0,72.0,10004.43,8248.71,1755.72,13.49,29
234,acc_326,momentum,25.0,60.0,3.0,3.0,20.0,168.0,10002.49,2349.45,7653.05,168.44,42
235,acc_353,momentum,28.0,60.0,10.0,5.0,10.0,168.0,10000.97,4537.3,5463.68,80.07,25
236,acc_301,momentum,22.0,60.0,3.0,2.0,50.0,0.0,9998.23,610.43,9387.8,263.8,22
237,acc_106,dip,28.0,64.0,6.0,1.0,50.0,336.0,9997.06,4760.01,5237.06,-193.46,5
238,acc_114,dip,28.0,72.0,10.0,1.5,50.0,336.0,9997.06,4760.01,5237.06,-193.46,5
239,acc_122,dip,28.0,80.0,15.0,2.0,50.0,336.0,9997.06,4760.01,5237.06,-193.46,5
240,acc_265,momentum,15.0,76.0,2.0,3.0,10.0,168.0,9995.82,4652.4,5343.42,15.14,30
241,acc_428,momentum,36.0,60.0,12.0,1.0,80.0,720.0,9995.0,349.52,9645.47,199.64,13
242,acc_468,momentum,40.0,80.0,2.0,1.0,80.0,720.0,9995.0,349.52,9645.47,199.64,13
243,acc_133,dip,30.0,68.0,2.0,1.5,40.0,336.0,9993.56,9993.56,0,125.49,12
244,acc_255,momentum,15.0,64.0,4.0,1.5,60.0,336.0,9992.88,734.7,9258.18,57.45,23
245,acc_289,momentum,18.0,72.0,12.0,1.5,10.0,168.0,9990.9,4541.94,5448.95,-156.56,35
246,acc_186,dip,36.0,68.0,15.0,1.0,50.0,336.0,9986.28,4996.37,4989.92,-55.75,35
247,acc_379,momentum,30.0,64.0,2.0,2.0,30.0,72.0,9986.22,1284.63,8701.59,73.97,36
248,acc_212,dip,40.0,72.0,3.0,3.0,80.0,168.0,9986.08,7131.57,2854.52,69.62,8
249,acc_358,momentum,28.0,68.0,3.0,2.0,20.0,168.0,9985.54,2474.13,7511.42,14.08,36
250,acc_278,momentum,18.0,60.0,10.0,2.0,20.0,72.0,9985.33,2393.15,7592.18,156.33,46
251,acc_356,momentum,28.0,64.0,8.0,1.5,80.0,336.0,9976.72,398.25,9578.47,-94.65,9
252,acc_305,momentum,22.0,64.0,4.0,3.0,10.0,168.0,9974.59,4886.25,5088.34,41.8,32
253,acc_297,momentum,18.0,85.0,2.0,2.0,10.0,168.0,9969.76,4763.44,5206.33,8.7,36
254,acc_413,momentum,33.0,72.0,8.0,1.5,50.0,0.0,9965.47,545.03,9420.43,-83.74,23
255,acc_014,dip,15.0,72.0,8.0,5.0,10.0,720.0,9965.32,8944.62,1020.7,-52.05,3
256,acc_025,dip,15.0,85.0,10.0,3.0,10.0,0.0,9965.32,8944.62,1020.7,-52.05,3
257,acc_065,dip,22.0,72.0,15.0,3.0,10.0,0.0,9965.32,8944.62,1020.7,-52.05,3
258,acc_073,dip,22.0,85.0,3.0,5.0,10.0,0.0,9965.32,8944.62,1020.7,-52.05,3
259,acc_371,momentum,28.0,80.0,12.0,1.5,30.0,72.0,9964.43,1170.75,8793.68,-198.53,34
260,acc_499,momentum,45.0,85.0,10.0,2.0,30.0,168.0,9963.1,1380.47,8582.63,-108.45,25
261,acc_220,dip,40.0,80.0,5.0,5.0,80.0,168.0,9961.92,1967.8,7994.13,-1.16,5
262,acc_206,dip,40.0,64.0,6.0,3.0,20.0,72.0,9960.32,4991.36,4968.97,-128.76,32
263,acc_121,dip,28.0,80.0,10.0,1.0,10.0,72.0,9960.1,8912.69,1047.41,-70.21,5
264,acc_377,momentum,30.0,60.0,6.0,2.0,10.0,336.0,9958.66,4698.88,5259.78,75.71,43
265,acc_125,dip,28.0,85.0,12.0,1.0,40.0,336.0,9958.6,5768.96,4189.64,-186.1,5
266,acc_354,momentum,28.0,64.0,2.0,1.5,50.0,720.0,9955.34,627.17,9328.17,192.37,32
267,acc_107,dip,28.0,64.0,10.0,3.0,20.0,720.0,9953.67,7858.85,2094.82,-110.75,5
268,acc_173,dip,33.0,85.0,4.0,1.5,40.0,720.0,9953.07,9953.07,0,105.41,20
269,acc_472,momentum,40.0,85.0,3.0,1.5,40.0,72.0,9952.04,1152.42,8799.62,69.22,36
270,acc_218,dip,40.0,76.0,12.0,5.0,50.0,336.0,9950.86,745.37,9205.49,-167.76,9
271,acc_152,dip,33.0,60.0,5.0,1.5,30.0,720.0,9950.11,9367.76,582.35,66.8,21
272,acc_142,dip,30.0,76.0,8.0,1.0,20.0,0.0,9949.83,6762.02,3187.8,-161.6,12
273,acc_250,dip,45.0,85.0,12.0,3.0,50.0,720.0,9949.74,681.67,9268.07,-343.14,13
274,acc_105,dip,28.0,64.0,3.0,3.0,10.0,72.0,9941.84,9941.84,0,-30.49,6
275,acc_102,dip,28.0,60.0,5.0,1.0,20.0,0.0,9939.99,7845.17,2094.82,-124.57,5
276,acc_110,dip,28.0,68.0,8.0,1.5,20.0,0.0,9939.99,7845.17,2094.82,-124.57,5
277,acc_118,dip,28.0,76.0,12.0,2.0,20.0,0.0,9939.99,7845.17,2094.82,-124.57,5
278,acc_104,dip,28.0,60.0,15.0,1.0,30.0,720.0,9939.53,6797.3,3142.23,-163.17,5
279,acc_120,dip,28.0,80.0,5.0,2.0,30.0,720.0,9939.53,6797.3,3142.23,-163.17,5
280,acc_331,momentum,25.0,64.0,8.0,1.5,30.0,72.0,9938.18,1658.86,8279.32,-135.93,39
281,acc_369,momentum,28.0,80.0,4.0,1.5,10.0,168.0,9933.12,4953.71,4979.41,35.67,47
282,acc_333,momentum,25.0,68.0,3.0,1.5,50.0,0.0,9931.0,861.01,9069.98,20.15,25
283,acc_246,dip,45.0,80.0,10.0,3.0,20.0,72.0,9930.87,2231.21,7699.66,-257.81,22
284,acc_046,dip,18.0,80.0,8.0,3.0,20.0,0.0,9930.31,7901.54,2028.77,-104.11,3
285,acc_067,dip,22.0,76.0,6.0,3.0,20.0,720.0,9930.31,7901.54,2028.77,-104.11,3
286,acc_075,dip,22.0,85.0,10.0,5.0,20.0,720.0,9930.31,7901.54,2028.77,-104.11,3
287,acc_094,dip,25.0,80.0,2.0,5.0,20.0,0.0,9930.31,7901.54,2028.77,-104.11,3
288,acc_169,dip,33.0,80.0,3.0,1.5,10.0,72.0,9921.66,9921.66,0,8.52,24
289,acc_329,momentum,25.0,64.0,2.0,1.5,10.0,168.0,9917.7,4931.59,4986.11,47.45,53
290,acc_242,dip,45.0,76.0,8.0,2.0,50.0,720.0,9917.63,800.71,9116.92,-374.09,17
291,acc_216,dip,40.0,76.0,4.0,5.0,40.0,0.0,9914.84,3144.93,6769.92,-91.2,12
292,acc_146,dip,30.0,80.0,10.0,1.0,50.0,336.0,9911.94,4073.62,5838.31,-256.16,12
293,acc_006,dip,15.0,64.0,5.0,3.0,10.0,720.0,9911.41,9911.41,0,-69.32,4
294,acc_033,dip,18.0,64.0,15.0,5.0,10.0,0.0,9911.41,9911.41,0,-69.32,4
295,acc_453,momentum,40.0,60.0,12.0,1.5,50.0,72.0,9910.42,907.94,9002.48,90.92,33
296,acc_411,momentum,33.0,72.0,2.0,1.5,30.0,168.0,9908.9,1332.12,8576.79,134.14,53
297,acc_109,dip,28.0,68.0,4.0,3.0,40.0,336.0,9904.77,9904.77,0,-7.82,6
298,acc_457,momentum,40.0,64.0,15.0,2.0,10.0,336.0,9904.71,4527.8,5376.91,-94.28,37
299,acc_009,dip,15.0,68.0,4.0,1.5,10.0,0.0,9902.81,9902.81,0,-78.01,4
300,acc_017,dip,15.0,76.0,6.0,2.0,10.0,0.0,9902.81,9902.81,0,-78.01,4
301,acc_041,dip,18.0,76.0,4.0,1.0,10.0,0.0,9902.81,9902.81,0,-78.01,4
302,acc_049,dip,18.0,85.0,6.0,1.5,10.0,0.0,9902.81,9902.81,0,-78.01,4
303,acc_057,dip,22.0,64.0,10.0,2.0,10.0,0.0,9902.81,9902.81,0,-78.01,4
304,acc_081,dip,25.0,64.0,6.0,1.0,10.0,72.0,9902.81,9902.81,0,-78.01,4
305,acc_089,dip,25.0,72.0,10.0,1.5,10.0,72.0,9902.81,9902.81,0,-78.01,4
306,acc_097,dip,25.0,80.0,15.0,2.0,10.0,72.0,9902.81,9902.81,0,-78.01,4
307,acc_291,momentum,18.0,76.0,5.0,1.5,30.0,72.0,9900.15,1295.14,8605.01,-9.46,43
308,acc_161,dip,33.0,68.0,15.0,1.0,10.0,72.0,9895.62,7700.81,2194.81,-175.93,23
309,acc_016,dip,15.0,76.0,3.0,5.0,30.0,336.0,9894.97,6870.77,3024.2,-156.16,3
310,acc_048,dip,18.0,85.0,3.0,3.0,30.0,336.0,9894.97,6870.77,3024.2,-156.16,3
311,acc_088,dip,25.0,72.0,5.0,3.0,30.0,720.0,9894.97,6870.77,3024.2,-156.16,3
312,acc_096,dip,25.0,80.0,8.0,5.0,30.0,720.0,9894.97,6870.77,3024.2,-156.16,3
313,acc_162,dip,33.0,72.0,3.0,2.0,50.0,336.0,9893.31,9893.31,0,50.33,18
314,acc_312,momentum,22.0,72.0,4.0,1.5,40.0,0.0,9889.66,811.4,9078.26,61.95,33
315,acc_123,dip,28.0,85.0,4.0,1.0,30.0,0.0,9883.96,9883.96,0,-44.81,6
316,acc_248,dip,45.0,85.0,4.0,3.0,40.0,0.0,9881.04,1817.56,8063.49,-158.58,19
317,acc_231,dip,45.0,64.0,6.0,3.0,60.0,336.0,9879.4,758.58,9120.82,-213.6,14
318,acc_363,momentum,28.0,72.0,8.0,1.0,30.0,72.0,9875.59,1462.03,8413.56,-241.04,41
319,acc_272,momentum,15.0,85.0,2.0,1.5,40.0,0.0,9875.0,986.18,8888.82,112.86,44
320,acc_158,dip,33.0,68.0,2.0,2.0,20.0,0.0,9873.41,9873.41,0,9.35,24
321,acc_217,dip,40.0,76.0,8.0,2.0,10.0,72.0,9871.31,4724.16,5147.15,-249.69,33
322,acc_227,dip,45.0,60.0,5.0,3.0,30.0,0.0,9869.61,3286.13,6583.48,-117.68,24
323,acc_182,dip,36.0,64.0,12.0,1.0,20.0,72.0,9867.27,5891.32,3975.95,-205.73,43
324,acc_127,dip,30.0,60.0,5.0,1.0,60.0,168.0,9866.02,3682.41,6183.6,-284.17,11
325,acc_493,momentum,45.0,80.0,2.0,1.5,50.0,72.0,9865.99,698.13,9167.86,163.23,46
326,acc_367,momentum,28.0,76.0,10.0,1.0,60.0,720.0,9863.32,423.17,9440.15,-81.58,26
327,acc_251,momentum,15.0,60.0,3.0,1.5,30.0,0.0,9862.72,1501.19,8361.52,100.99,54
328,acc_112,dip,28.0,72.0,3.0,1.5,30.0,720.0,9861.54,9861.54,0,-67.45,6
329,acc_037,dip,18.0,72.0,2.0,5.0,40.0,336.0,9859.29,5852.3,4006.99,-208.21,3
330,acc_069,dip,22.0,80.0,2.0,3.0,40.0,336.0,9859.29,5852.3,4006.99,-208.21,3
331,acc_497,momentum,45.0,85.0,3.0,2.0,10.0,336.0,9857.86,4624.52,5233.34,-144.14,34
332,acc_264,momentum,15.0,72.0,12.0,1.0,40.0,0.0,9857.37,1023.87,8833.5,-463.06,33
333,acc_409,momentum,33.0,68.0,6.0,1.5,10.0,336.0,9851.17,4971.7,4879.47,-163.34,38
334,acc_253,momentum,15.0,60.0,10.0,1.5,40.0,720.0,9846.43,887.38,8959.06,53.54,40
335,acc_352,momentum,28.0,60.0,6.0,1.5,40.0,0.0,9846.43,887.38,8959.06,53.54,40
336,acc_148,dip,30.0,85.0,4.0,1.0,80.0,168.0,9845.05,9845.05,0,49.78,10
337,acc_424,momentum,33.0,85.0,10.0,1.0,40.0,72.0,9837.6,878.57,8959.03,-198.44,39
338,acc_229,dip,45.0,60.0,15.0,3.0,40.0,720.0,9835.54,3129.89,6705.65,-71.57,22
339,acc_285,momentum,18.0,68.0,10.0,1.0,40.0,720.0,9833.25,973.08,8860.17,-308.01,36
340,acc_018,dip,15.0,76.0,10.0,5.0,50.0,168.0,9823.29,4846.15,4977.13,-260.26,3
341,acc_050,dip,18.0,85.0,10.0,3.0,50.0,168.0,9823.29,4846.15,4977.13,-260.26,3
342,acc_090,dip,25.0,72.0,15.0,3.0,50.0,168.0,9823.29,4846.15,4977.13,-260.26,3
343,acc_098,dip,25.0,85.0,3.0,5.0,50.0,336.0,9823.29,4846.15,4977.13,-260.26,3
344,acc_027,dip,18.0,60.0,4.0,3.0,20.0,720.0,9823.16,9823.16,0,-138.44,4
345,acc_035,dip,18.0,68.0,6.0,5.0,20.0,720.0,9823.16,9823.16,0,-138.44,4
346,acc_054,dip,22.0,60.0,12.0,5.0,20.0,0.0,9823.16,9823.16,0,-138.44,4
347,acc_086,dip,25.0,68.0,12.0,3.0,20.0,0.0,9823.16,9823.16,0,-138.44,4
348,acc_238,dip,45.0,72.0,6.0,2.0,20.0,72.0,9819.55,3436.36,6383.19,-233.58,38
349,acc_144,dip,30.0,80.0,3.0,1.0,30.0,720.0,9818.21,9818.21,0,-46.16,14
350,acc_487,momentum,45.0,72.0,5.0,1.0,80.0,0.0,9816.29,399.42,9416.86,-88.3,10
351,acc_384,momentum,30.0,68.0,6.0,1.0,40.0,72.0,9811.4,1002.09,8809.3,-321.14,38
352,acc_244,dip,45.0,80.0,3.0,2.0,80.0,168.0,9810.51,392.36,9418.14,-5.05,12
353,acc_390,momentum,30.0,76.0,3.0,1.5,20.0,168.0,9806.8,2240.75,7566.06,-109.8,52
354,acc_003,dip,15.0,60.0,8.0,1.0,20.0,720.0,9806.06,9806.06,0,-155.71,4
355,acc_011,dip,15.0,68.0,12.0,1.5,20.0,720.0,9806.06,9806.06,0,-155.71,4
356,acc_019,dip,15.0,80.0,2.0,2.0,20.0,720.0,9806.06,9806.06,0,-155.71,4
357,acc_022,dip,15.0,80.0,15.0,1.0,20.0,0.0,9806.06,9806.06,0,-155.71,4
358,acc_030,dip,18.0,64.0,3.0,1.5,20.0,0.0,9806.06,9806.06,0,-155.71,4
359,acc_038,dip,18.0,72.0,5.0,2.0,20.0,0.0,9806.06,9806.06,0,-155.71,4
360,acc_043,dip,18.0,76.0,12.0,1.0,20.0,720.0,9806.06,9806.06,0,-155.71,4
361,acc_051,dip,22.0,60.0,2.0,1.5,20.0,720.0,9806.06,9806.06,0,-155.71,4
362,acc_059,dip,22.0,68.0,4.0,2.0,20.0,720.0,9806.06,9806.06,0,-155.71,4
363,acc_062,dip,22.0,72.0,3.0,1.0,20.0,0.0,9806.06,9806.06,0,-155.71,4
364,acc_070,dip,22.0,80.0,5.0,1.5,20.0,0.0,9806.06,9806.06,0,-155.71,4
365,acc_078,dip,25.0,60.0,8.0,2.0,20.0,0.0,9806.06,9806.06,0,-155.71,4
366,acc_083,dip,25.0,68.0,2.0,1.0,20.0,720.0,9806.06,9806.06,0,-155.71,4
367,acc_091,dip,25.0,76.0,4.0,1.5,20.0,720.0,9806.06,9806.06,0,-155.71,4
368,acc_099,dip,25.0,85.0,6.0,2.0,20.0,720.0,9806.06,9806.06,0,-155.71,4
369,acc_323,momentum,22.0,85.0,5.0,1.0,30.0,72.0,9803.77,1247.23,8556.55,-158.62,49
370,acc_190,dip,36.0,76.0,2.0,1.5,20.0,72.0,9803.61,9803.61,0,-8.19,44
371,acc_039,dip,18.0,72.0,8.0,5.0,60.0,168.0,9786.94,3852.3,5934.64,-312.32,3
372,acc_071,dip,22.0,80.0,8.0,3.0,60.0,168.0,9786.94,3852.3,5934.64,-312.32,3
373,acc_321,momentum,22.0,80.0,12.0,1.0,10.0,168.0,9779.73,4810.56,4969.17,-286.11,44
374,acc_208,dip,40.0,68.0,2.0,3.0,40.0,0.0,9779.26,6309.43,3469.83,-66.74,33
375,acc_221,dip,40.0,80.0,10.0,2.0,40.0,720.0,9773.8,1608.04,8165.75,-427.66,28
376,acc_281,momentum,18.0,64.0,8.0,1.0,10.0,168.0,9770.88,4847.38,4923.5,-246.34,46
377,acc_101,dip,28.0,60.0,2.0,2.0,40.0,336.0,9764.79,9764.79,0,-132.82,6
378,acc_344,momentum,25.0,80.0,4.0,1.0,40.0,0.0,9743.4,834.38,8909.01,-62.06,47
379,acc_209,dip,40.0,68.0,5.0,1.5,10.0,72.0,9739.66,7337.01,2402.65,-208.61,54
380,acc_325,momentum,22.0,85.0,15.0,1.0,50.0,0.0,9735.75,751.37,8984.38,-502.06,30
381,acc_346,momentum,25.0,80.0,12.0,1.0,50.0,720.0,9735.75,751.37,8984.38,-502.06,30
382,acc_008,dip,15.0,64.0,15.0,3.0,30.0,336.0,9735.24,9735.24,0,-207.33,4
383,acc_056,dip,22.0,64.0,5.0,5.0,30.0,336.0,9735.24,9735.24,0,-207.33,4
384,acc_249,dip,45.0,85.0,8.0,1.5,10.0,168.0,9729.6,4910.59,4819.01,-313.82,46
385,acc_211,dip,40.0,68.0,15.0,1.5,30.0,0.0,9727.71,2113.18,7614.53,-453.08,44
386,acc_108,dip,28.0,68.0,2.0,1.0,80.0,72.0,9723.49,9723.49,0,-101.26,6
387,acc_194,dip,36.0,80.0,3.0,1.5,50.0,336.0,9717.78,8760.21,957.57,-114.09,29
388,acc_449,momentum,36.0,85.0,10.0,1.5,10.0,336.0,9717.51,4709.44,5008.08,-326.34,44
389,acc_012,dip,15.0,72.0,2.0,3.0,80.0,72.0,9713.26,1901.54,7811.73,-416.42,3
390,acc_020,dip,15.0,80.0,4.0,5.0,80.0,72.0,9713.26,1901.54,7811.73,-416.42,3
391,acc_092,dip,25.0,76.0,6.0,3.0,80.0,72.0,9713.26,1901.54,7811.73,-416.42,3
392,acc_100,dip,25.0,85.0,10.0,5.0,80.0,72.0,9713.26,1901.54,7811.73,-416.42,3
393,acc_478,momentum,45.0,60.0,12.0,2.0,20.0,336.0,9710.69,2157.77,7552.91,-81.59,53
394,acc_024,dip,15.0,85.0,6.0,1.0,30.0,336.0,9709.75,9709.75,0,-233.08,4
395,acc_032,dip,18.0,64.0,10.0,1.5,30.0,336.0,9709.75,9709.75,0,-233.08,4
396,acc_040,dip,18.0,72.0,15.0,2.0,30.0,336.0,9709.75,9709.75,0,-233.08,4
397,acc_064,dip,22.0,72.0,10.0,1.0,30.0,720.0,9709.75,9709.75,0,-233.08,4
398,acc_072,dip,22.0,80.0,15.0,1.5,30.0,720.0,9709.75,9709.75,0,-233.08,4
399,acc_080,dip,25.0,64.0,3.0,2.0,30.0,720.0,9709.75,9709.75,0,-233.08,4
400,acc_342,momentum,25.0,76.0,10.0,1.0,20.0,168.0,9708.74,2482.98,7225.75,-405.44,45
401,acc_213,dip,40.0,72.0,6.0,1.5,40.0,720.0,9706.83,2328.68,7378.15,-416.7,41
402,acc_184,dip,36.0,68.0,5.0,1.0,30.0,720.0,9696.11,7895.56,1800.56,-161.46,43
403,acc_327,momentum,25.0,60.0,6.0,1.0,60.0,336.0,9687.6,389.44,9298.16,-205.06,38
404,acc_240,dip,45.0,76.0,2.0,2.0,40.0,0.0,9686.29,2761.88,6924.41,-181.99,32
405,acc_489,momentum,45.0,72.0,15.0,1.5,10.0,336.0,9685.1,4903.57,4781.52,-358.87,46
406,acc_266,momentum,15.0,76.0,5.0,1.0,50.0,720.0,9681.54,931.23,8750.31,-271.39,33
407,acc_306,momentum,22.0,64.0,8.0,1.0,50.0,720.0,9681.54,931.23,8750.31,-271.39,33
408,acc_466,momentum,40.0,76.0,6.0,1.0,60.0,0.0,9681.08,450.47,9230.61,-261.85,33
409,acc_167,dip,33.0,76.0,8.0,1.0,60.0,168.0,9678.03,4082.19,5595.84,-459.72,19
410,acc_430,momentum,36.0,64.0,5.0,1.5,20.0,168.0,9653.81,2283.89,7369.92,-279.59,57
411,acc_401,momentum,33.0,60.0,4.0,1.0,10.0,336.0,9650.8,4887.01,4763.79,-241.49,54
412,acc_481,momentum,45.0,64.0,10.0,1.0,10.0,336.0,9649.99,4602.85,5047.14,-267.44,57
413,acc_029,dip,18.0,60.0,12.0,3.0,40.0,336.0,9647.65,9647.65,0,-276.02,4
414,acc_077,dip,25.0,60.0,4.0,5.0,40.0,336.0,9647.65,9647.65,0,-276.02,4
415,acc_405,momentum,33.0,64.0,5.0,1.0,50.0,0.0,9643.63,671.93,8971.7,-324.53,36
416,acc_445,momentum,36.0,80.0,8.0,1.0,50.0,72.0,9643.63,671.93,8971.7,-324.53,36
417,acc_163,dip,33.0,72.0,6.0,1.0,30.0,0.0,9641.36,6978.52,2662.85,-345.85,23
418,acc_219,dip,40.0,80.0,3.0,2.0,30.0,0.0,9638.69,6703.72,2934.97,-269.39,38
419,acc_283,momentum,18.0,68.0,3.0,1.0,30.0,72.0,9615.21,1183.12,8432.09,-158.75,60
420,acc_005,dip,15.0,64.0,3.0,1.0,40.0,336.0,9613.88,9613.88,0,-310.13,4
421,acc_013,dip,15.0,72.0,5.0,1.5,40.0,336.0,9613.88,9613.88,0,-310.13,4
422,acc_021,dip,15.0,80.0,8.0,2.0,40.0,336.0,9613.88,9613.88,0,-310.13,4
423,acc_045,dip,18.0,80.0,5.0,1.0,40.0,336.0,9613.88,9613.88,0,-310.13,4
424,acc_053,dip,22.0,60.0,8.0,1.5,40.0,336.0,9613.88,9613.88,0,-310.13,4
425,acc_061,dip,22.0,68.0,12.0,2.0,40.0,336.0,9613.88,9613.88,0,-310.13,4
426,acc_085,dip,25.0,68.0,8.0,1.0,40.0,336.0,9613.88,9613.88,0,-310.13,4
427,acc_093,dip,25.0,76.0,12.0,1.5,40.0,336.0,9613.88,9613.88,0,-310.13,4
428,acc_361,momentum,28.0,72.0,2.0,1.0,10.0,168.0,9613.65,4610.05,5003.6,-256.05,63
429,acc_287,momentum,18.0,72.0,4.0,1.0,60.0,336.0,9600.85,642.53,8958.32,-132.51,33
430,acc_403,momentum,33.0,60.0,12.0,1.0,30.0,72.0,9595.36,1280.73,8314.63,-366.45,42
431,acc_382,momentum,30.0,64.0,15.0,1.0,20.0,168.0,9593.89,2239.51,7354.38,-392.66,55
432,acc_470,momentum,40.0,80.0,8.0,1.5,20.0,336.0,9590.65,2378.68,7211.97,-362.54,56
433,acc_302,momentum,22.0,60.0,6.0,1.0,20.0,72.0,9588.97,2461.72,7127.24,-314.05,57
434,acc_224,dip,40.0,85.0,8.0,1.0,40.0,0.0,9586.19,826.68,8759.52,-552.54,46
435,acc_201,dip,40.0,60.0,3.0,1.0,10.0,72.0,9582.55,9045.43,537.12,-224.2,67
436,acc_441,momentum,36.0,76.0,6.0,1.0,10.0,336.0,9579.71,4732.8,4846.91,-372.4,58
437,acc_223,dip,40.0,85.0,4.0,2.0,60.0,336.0,9579.15,5559.73,4019.42,-329.42,25
438,acc_241,dip,45.0,76.0,5.0,1.0,10.0,168.0,9579.12,5191.61,4387.51,-344.95,72
439,acc_202,dip,40.0,60.0,5.0,2.0,50.0,336.0,9578.14,5676.56,3901.59,-371.63,28
440,acc_262,momentum,15.0,72.0,4.0,1.0,20.0,72.0,9570.14,2431.17,7138.97,-240.18,60
441,acc_010,dip,15.0,68.0,6.0,3.0,50.0,168.0,9560.4,9560.4,0,-344.49,4
442,acc_058,dip,22.0,64.0,15.0,5.0,50.0,168.0,9560.4,9560.4,0,-344.49,4
443,acc_230,dip,45.0,64.0,4.0,1.5,20.0,72.0,9524.85,5976.57,3548.28,-253.23,72
444,acc_196,dip,36.0,80.0,10.0,1.5,80.0,168.0,9523.27,3139.65,6383.62,-566.48,17
445,acc_002,dip,15.0,60.0,4.0,2.0,50.0,168.0,9518.46,9518.46,0,-386.86,4
446,acc_026,dip,18.0,60.0,2.0,1.0,50.0,168.0,9518.46,9518.46,0,-386.86,4
447,acc_034,dip,18.0,68.0,4.0,1.5,50.0,168.0,9518.46,9518.46,0,-386.86,4
448,acc_042,dip,18.0,76.0,6.0,2.0,50.0,168.0,9518.46,9518.46,0,-386.86,4
449,acc_066,dip,22.0,76.0,4.0,1.0,50.0,168.0,9518.46,9518.46,0,-386.86,4
450,acc_074,dip,22.0,85.0,6.0,1.5,50.0,168.0,9518.46,9518.46,0,-386.86,4
451,acc_082,dip,25.0,64.0,10.0,2.0,50.0,168.0,9518.46,9518.46,0,-386.86,4
452,acc_204,dip,40.0,60.0,15.0,2.0,80.0,168.0,9497.58,8155.34,1342.24,-296.41,15
453,acc_365,momentum,28.0,76.0,3.0,1.0,50.0,0.0,9495.18,577.78,8917.41,-228.09,43
454,acc_426,momentum,36.0,60.0,4.0,1.0,60.0,0.0,9488.61,388.22,9100.4,-409.22,36
455,acc_304,momentum,22.0,64.0,2.0,1.0,40.0,0.0,9483.95,893.88,8590.07,-183.89,62
456,acc_031,dip,18.0,64.0,5.0,3.0,60.0,72.0,9473.49,9473.49,0,-412.74,4
457,acc_079,dip,25.0,60.0,12.0,5.0,60.0,168.0,9473.49,9473.49,0,-412.74,4
458,acc_205,dip,40.0,64.0,4.0,1.0,40.0,720.0,9471.54,6966.42,2505.12,-314.9,53
459,acc_422,momentum,33.0,85.0,3.0,1.0,20.0,168.0,9457.98,2201.46,7256.52,-365.35,70
460,acc_232,dip,45.0,64.0,12.0,1.5,40.0,0.0,9444.23,2026.23,7418.0,-556.43,50
461,acc_491,momentum,45.0,76.0,6.0,1.5,30.0,168.0,9442.49,1232.73,8209.76,-510.53,48
462,acc_243,dip,45.0,76.0,15.0,1.0,30.0,0.0,9439.56,1431.75,8007.81,-586.07,67
463,acc_007,dip,15.0,64.0,10.0,1.0,60.0,72.0,9423.47,9423.47,0,-463.26,4
464,acc_015,dip,15.0,72.0,15.0,1.5,60.0,72.0,9423.47,9423.47,0,-463.26,4
465,acc_023,dip,15.0,85.0,3.0,2.0,60.0,72.0,9423.47,9423.47,0,-463.26,4
466,acc_047,dip,18.0,80.0,15.0,1.0,60.0,168.0,9423.47,9423.47,0,-463.26,4
467,acc_055,dip,22.0,64.0,3.0,1.5,60.0,168.0,9423.47,9423.47,0,-463.26,4
468,acc_063,dip,22.0,72.0,5.0,2.0,60.0,168.0,9423.47,9423.47,0,-463.26,4
469,acc_087,dip,25.0,72.0,3.0,1.0,60.0,168.0,9423.47,9423.47,0,-463.26,4
470,acc_095,dip,25.0,80.0,5.0,1.5,60.0,168.0,9423.47,9423.47,0,-463.26,4
471,acc_386,momentum,30.0,72.0,2.0,1.0,50.0,720.0,9415.53,650.47,8765.06,-235.55,49
472,acc_447,momentum,36.0,85.0,3.0,1.0,60.0,720.0,9404.74,470.7,8934.03,-313.44,37
473,acc_203,dip,40.0,60.0,10.0,1.0,30.0,0.0,9396.22,6046.24,3349.98,-426.28,64
474,acc_183,dip,36.0,68.0,2.0,2.0,60.0,168.0,9394.17,9394.17,0,-312.04,26
475,acc_234,dip,45.0,68.0,5.0,1.5,50.0,336.0,9390.64,1420.67,7969.97,-647.43,42
476,acc_207,dip,40.0,64.0,12.0,1.0,60.0,336.0,9388.9,4819.09,4569.81,-503.9,38
477,acc_245,dip,45.0,80.0,6.0,1.0,40.0,720.0,9366.84,2026.64,7340.19,-647.88,64
478,acc_165,dip,33.0,76.0,2.0,1.0,40.0,720.0,9356.7,9356.7,0,-398.66,22
479,acc_215,dip,40.0,76.0,2.0,1.5,60.0,336.0,9327.35,7727.51,1599.84,-400.6,39
480,acc_443,momentum,36.0,80.0,2.0,1.0,30.0,168.0,9316.23,1422.16,7894.07,-416.41,66
481,acc_483,momentum,45.0,68.0,4.0,1.0,30.0,168.0,9313.63,1600.22,7713.42,-491.68,55
482,acc_222,dip,40.0,85.0,2.0,1.0,20.0,72.0,9302.85,7827.6,1475.25,-428.54,74
483,acc_052,dip,22.0,60.0,4.0,3.0,80.0,72.0,9300.66,9300.66,0,-548.61,4
484,acc_060,dip,22.0,68.0,6.0,5.0,80.0,72.0,9300.66,9300.66,0,-548.61,4
485,acc_004,dip,15.0,60.0,12.0,2.0,80.0,72.0,9234.83,9234.83,0,-615.11,4
486,acc_028,dip,18.0,60.0,8.0,1.0,80.0,72.0,9234.83,9234.83,0,-615.11,4
487,acc_036,dip,18.0,68.0,12.0,1.5,80.0,72.0,9234.83,9234.83,0,-615.11,4
488,acc_044,dip,18.0,80.0,2.0,2.0,80.0,72.0,9234.83,9234.83,0,-615.11,4
489,acc_068,dip,22.0,76.0,12.0,1.0,80.0,72.0,9234.83,9234.83,0,-615.11,4
490,acc_076,dip,25.0,60.0,2.0,1.5,80.0,72.0,9234.83,9234.83,0,-615.11,4
491,acc_084,dip,25.0,68.0,4.0,2.0,80.0,72.0,9234.83,9234.83,0,-615.11,4
492,acc_462,momentum,40.0,72.0,5.0,1.0,20.0,168.0,9232.2,2159.48,7072.72,-668.9,83
493,acc_236,dip,45.0,68.0,15.0,1.5,80.0,168.0,9168.41,160.63,9007.78,-878.21,22
494,acc_188,dip,36.0,72.0,6.0,1.0,80.0,168.0,9159.84,4974.18,4185.66,-730.57,22
495,acc_228,dip,45.0,60.0,10.0,1.0,80.0,168.0,9155.64,599.22,8556.42,-906.85,23
496,acc_451,momentum,40.0,60.0,4.0,1.5,30.0,168.0,9149.35,1655.11,7494.24,-575.89,66
497,acc_464,momentum,40.0,72.0,15.0,1.0,40.0,72.0,9120.81,947.84,8172.97,-883.84,56
498,acc_226,dip,45.0,60.0,3.0,1.0,50.0,336.0,9055.71,3341.06,5714.65,-596.19,67
499,acc_247,dip,45.0,85.0,2.0,1.0,60.0,336.0,8873.94,4698.27,4175.67,-709.17,58
500,acc_485,momentum,45.0,68.0,12.0,1.0,50.0,72.0,8758.95,586.4,8172.55,-1042.94,41
