account,name,entry_mode,entry_rsi,exit_rsi,take_profit_pct,stop_loss_pct,position_size_pct,max_hold_hours
acc_001,dip_e30_x72_tp4_sl2.0_p40_h0,dip,30.0,72.0,4.0,2.0,40.0,0.0
acc_002,dip_e15_x60_tp3_sl1.5_p30_h72,dip,15,60,3,1.5,30,72
acc_003,dip_e15_x60_tp4_sl2.0_p50_h72,dip,15,60,4,2,50,72
acc_004,dip_e15_x60_tp5_sl3.0_p80_h168,dip,15,60,5,3,80,168
acc_005,dip_e15_x60_tp8_sl1.0_p20_h336,dip,15,60,8,1,20,336
acc_006,dip_e15_x60_tp10_sl1.5_p40_h720,dip,15,60,10,1.5,40,720
acc_007,dip_e15_x60_tp12_sl2.0_p60_h720,dip,15,60,12,2,60,720
acc_008,dip_e15_x60_tp15_sl5.0_p20_h0,dip,15,60,15,5,20,0
acc_009,dip_e15_x64_tp3_sl1.0_p40_h72,dip,15,64,3,1,40,72
acc_010,dip_e15_x64_tp4_sl1.5_p60_h72,dip,15,64,4,1.5,60,72
acc_011,dip_e15_x64_tp5_sl3.0_p10_h168,dip,15,64,5,3,10,168
acc_012,dip_e15_x64_tp6_sl5.0_p30_h336,dip,15,64,6,5,30,336
acc_013,dip_e15_x64_tp10_sl1.0_p50_h720,dip,15,64,10,1,50,720
acc_014,dip_e15_x64_tp12_sl1.5_p80_h720,dip,15,64,12,1.5,80,720
acc_015,dip_e15_x64_tp15_sl3.0_p30_h0,dip,15,64,15,3,30,0
acc_016,dip_e15_x68_tp2_sl5.0_p50_h72,dip,15,68,2,5,50,72
acc_017,dip_e15_x68_tp4_sl1.0_p80_h168,dip,15,68,4,1,80,168
acc_018,dip_e15_x68_tp5_sl2.0_p20_h168,dip,15,68,5,2,20,168
acc_019,dip_e15_x68_tp6_sl3.0_p40_h336,dip,15,68,6,3,40,336
acc_020,dip_e15_x68_tp8_sl5.0_p60_h720,dip,15,68,8,5,60,720
acc_021,dip_e15_x68_tp12_sl1.5_p10_h720,dip,15,68,12,1.5,10,720
acc_022,dip_e15_x68_tp15_sl2.0_p40_h0,dip,15,68,15,2,40,0
acc_023,dip_e15_x72_tp2_sl3.0_p60_h72,dip,15,72,2,3,60,72
acc_024,dip_e15_x72_tp4_sl1.0_p10_h168,dip,15,72,4,1,10,168
acc_025,dip_e15_x72_tp5_sl1.5_p30_h168,dip,15,72,5,1.5,30,168
acc_026,dip_e15_x72_tp6_sl2.0_p50_h336,dip,15,72,6,2,50,336
acc_027,dip_e15_x72_tp8_sl3.0_p80_h720,dip,15,72,8,3,80,720
acc_028,dip_e15_x72_tp12_sl1.0_p20_h720,dip,15,72,12,1,20,720
acc_029,dip_e15_x72_tp15_sl1.5_p50_h0,dip,15,72,15,1.5,50,0
acc_030,dip_e15_x76_tp2_sl2.0_p80_h72,dip,15,76,2,2,80,72
acc_031,dip_e15_x76_tp3_sl5.0_p20_h168,dip,15,76,3,5,20,168
acc_032,dip_e15_x76_tp5_sl1.0_p40_h168,dip,15,76,5,1,40,168
acc_033,dip_e15_x76_tp6_sl1.5_p60_h336,dip,15,76,6,1.5,60,336
acc_034,dip_e15_x76_tp8_sl3.0_p10_h720,dip,15,76,8,3,10,720
acc_035,dip_e15_x76_tp10_sl5.0_p30_h720,dip,15,76,10,5,30,720
acc_036,dip_e15_x76_tp15_sl1.0_p60_h0,dip,15,76,15,1,60,0
acc_037,dip_e15_x80_tp2_sl2.0_p10_h72,dip,15,80,2,2,10,72
acc_038,dip_e15_x80_tp3_sl3.0_p30_h168,dip,15,80,3,3,30,168
acc_039,dip_e15_x80_tp4_sl5.0_p50_h168,dip,15,80,4,5,50,168
acc_040,dip_e15_x80_tp6_sl1.0_p80_h336,dip,15,80,6,1,80,336
acc_041,dip_e15_x80_tp8_sl2.0_p20_h720,dip,15,80,8,2,20,720
acc_042,dip_e15_x80_tp10_sl3.0_p50_h0,dip,15,80,10,3,50,0
acc_043,dip_e15_x80_tp12_sl5.0_p80_h0,dip,15,80,12,5,80,0
acc_044,dip_e15_x85_tp2_sl1.5_p20_h72,dip,15,85,2,1.5,20,72
acc_045,dip_e15_x85_tp3_sl2.0_p40_h168,dip,15,85,3,2,40,168
acc_046,dip_e15_x85_tp4_sl3.0_p60_h168,dip,15,85,4,3,60,168
acc_047,dip_e15_x85_tp6_sl1.0_p10_h336,dip,15,85,6,1,10,336
acc_048,dip_e15_x85_tp8_sl1.5_p30_h720,dip,15,85,8,1.5,30,720
acc_049,dip_e15_x85_tp10_sl2.0_p60_h0,dip,15,85,10,2,60,0
acc_050,dip_e15_x85_tp12_sl5.0_p10_h0,dip,15,85,12,5,10,0
acc_051,dip_e18_x60_tp2_sl1.0_p30_h72,dip,18,60,2,1,30,72
acc_052,dip_e18_x60_tp3_sl1.5_p50_h168,dip,18,60,3,1.5,50,168
acc_053,dip_e18_x60_tp4_sl2.0_p80_h168,dip,18,60,4,2,80,168
acc_054,dip_e18_x60_tp5_sl5.0_p20_h336,dip,18,60,5,5,20,336
acc_055,dip_e18_x60_tp8_sl1.0_p40_h720,dip,18,60,8,1,40,720
acc_056,dip_e18_x60_tp10_sl1.5_p80_h0,dip,18,60,10,1.5,80,0
acc_057,dip_e18_x60_tp12_sl3.0_p20_h0,dip,18,60,12,3,20,0
acc_058,dip_e18_x60_tp15_sl5.0_p40_h72,dip,18,60,15,5,40,72
acc_059,dip_e18_x64_tp3_sl1.0_p60_h168,dip,18,64,3,1,60,168
acc_060,dip_e18_x64_tp4_sl2.0_p10_h168,dip,18,64,4,2,10,168
acc_061,dip_e18_x64_tp5_sl3.0_p30_h336,dip,18,64,5,3,30,336
acc_062,dip_e18_x64_tp6_sl5.0_p50_h720,dip,18,64,6,5,50,720
acc_063,dip_e18_x64_tp10_sl1.5_p10_h0,dip,18,64,10,1.5,10,0
acc_064,dip_e18_x64_tp12_sl2.0_p30_h0,dip,18,64,12,2,30,0
acc_065,dip_e18_x64_tp15_sl3.0_p50_h72,dip,18,64,15,3,50,72
acc_066,dip_e18_x68_tp2_sl5.0_p80_h168,dip,18,68,2,5,80,168
acc_067,dip_e18_x68_tp4_sl1.5_p20_h336,dip,18,68,4,1.5,20,336
acc_068,dip_e18_x68_tp5_sl2.0_p40_h336,dip,18,68,5,2,40,336
acc_069,dip_e18_x68_tp6_sl3.0_p60_h720,dip,18,68,6,3,60,720
acc_070,dip_e18_x68_tp10_sl1.0_p20_h0,dip,18,68,10,1,20,0
acc_071,dip_e18_x68_tp12_sl1.5_p40_h0,dip,18,68,12,1.5,40,0
acc_072,dip_e18_x68_tp15_sl2.0_p60_h72,dip,18,68,15,2,60,72
acc_073,dip_e18_x72_tp2_sl5.0_p10_h168,dip,18,72,2,5,10,168
acc_074,dip_e18_x72_tp4_sl1.0_p30_h336,dip,18,72,4,1,30,336
acc_075,dip_e18_x72_tp5_sl1.5_p50_h336,dip,18,72,5,1.5,50,336
acc_076,dip_e18_x72_tp6_sl2.0_p80_h720,dip,18,72,6,2,80,720
acc_077,dip_e18_x72_tp8_sl5.0_p30_h0,dip,18,72,8,5,30,0
acc_078,dip_e18_x72_tp12_sl1.0_p50_h0,dip,18,72,12,1,50,0
acc_079,dip_e18_x72_tp15_sl1.5_p80_h72,dip,18,72,15,1.5,80,72
acc_080,dip_e18_x76_tp2_sl3.0_p20_h168,dip,18,76,2,3,20,168
acc_081,dip_e18_x76_tp3_sl5.0_p40_h336,dip,18,76,3,5,40,336
acc_082,dip_e18_x76_tp5_sl1.0_p60_h336,dip,18,76,5,1,60,336
acc_083,dip_e18_x76_tp6_sl2.0_p10_h720,dip,18,76,6,2,10,720
acc_084,dip_e18_x76_tp8_sl3.0_p40_h0,dip,18,76,8,3,40,0
acc_085,dip_e18_x76_tp10_sl5.0_p60_h0,dip,18,76,10,5,60,0
acc_086,dip_e18_x76_tp15_sl1.5_p10_h72,dip,18,76,15,1.5,10,72
acc_087,dip_e18_x80_tp2_sl2.0_p30_h168,dip,18,80,2,2,30,168
acc_088,dip_e18_x80_tp3_sl3.0_p50_h336,dip,18,80,3,3,50,336
acc_089,dip_e18_x80_tp4_sl5.0_p80_h336,dip,18,80,4,5,80,336
acc_090,dip_e18_x80_tp6_sl1.5_p20_h720,dip,18,80,6,1.5,20,720
acc_091,dip_e18_x80_tp8_sl2.0_p50_h0,dip,18,80,8,2,50,0
acc_092,dip_e18_x80_tp10_sl3.0_p80_h0,dip,18,80,10,3,80,0
acc_093,dip_e18_x80_tp15_sl1.0_p20_h72,dip,18,80,15,1,20,72
acc_094,dip_e18_x85_tp2_sl1.5_p40_h168,dip,18,85,2,1.5,40,168
acc_095,dip_e18_x85_tp3_sl2.0_p60_h336,dip,18,85,3,2,60,336
acc_096,dip_e18_x85_tp4_sl5.0_p10_h336,dip,18,85,4,5,10,336
acc_097,dip_e18_x85_tp6_sl1.0_p30_h720,dip,18,85,6,1,30,720
acc_098,dip_e18_x85_tp8_sl1.5_p60_h0,dip,18,85,8,1.5,60,0
acc_099,dip_e18_x85_tp10_sl3.0_p10_h72,dip,18,85,10,3,10,72
acc_100,dip_e18_x85_tp12_sl5.0_p30_h72,dip,18,85,12,5,30,72
acc_101,dip_e22_x60_tp2_sl1.0_p50_h168,dip,22,60,2,1,50,168
acc_102,dip_e22_x60_tp3_sl1.5_p80_h336,dip,22,60,3,1.5,80,336
acc_103,dip_e22_x60_tp4_sl3.0_p20_h336,dip,22,60,4,3,20,336
acc_104,dip_e22_x60_tp5_sl5.0_p40_h720,dip,22,60,5,5,40,720
acc_105,dip_e22_x60_tp8_sl1.0_p80_h0,dip,22,60,8,1,80,0
acc_106,dip_e22_x60_tp10_sl2.0_p20_h72,dip,22,60,10,2,20,72
acc_107,dip_e22_x60_tp12_sl3.0_p40_h72,dip,22,60,12,3,40,72
acc_108,dip_e22_x60_tp15_sl5.0_p60_h168,dip,22,60,15,5,60,168
acc_109,dip_e22_x64_tp3_sl1.5_p10_h336,dip,22,64,3,1.5,10,336
acc_110,dip_e22_x64_tp4_sl2.0_p30_h336,dip,22,64,4,2,30,336
acc_111,dip_e22_x64_tp5_sl3.0_p50_h720,dip,22,64,5,3,50,720
acc_112,dip_e22_x64_tp8_sl1.0_p10_h0,dip,22,64,8,1,10,0
acc_113,dip_e22_x64_tp10_sl1.5_p30_h72,dip,22,64,10,1.5,30,72
acc_114,dip_e22_x64_tp12_sl2.0_p50_h72,dip,22,64,12,2,50,72
acc_115,dip_e22_x64_tp15_sl3.0_p80_h168,dip,22,64,15,3,80,168
acc_116,dip_e22_x68_tp3_sl1.0_p20_h336,dip,22,68,3,1,20,336
acc_117,dip_e22_x68_tp4_sl1.5_p40_h336,dip,22,68,4,1.5,40,336
acc_118,dip_e22_x68_tp5_sl2.0_p60_h720,dip,22,68,5,2,60,720
acc_119,dip_e22_x68_tp6_sl5.0_p20_h0,dip,22,68,6,5,20,0
acc_120,dip_e22_x68_tp10_sl1.0_p40_h72,dip,22,68,10,1,40,72
acc_121,dip_e22_x68_tp12_sl1.5_p60_h72,dip,22,68,12,1.5,60,72
acc_122,dip_e22_x68_tp15_sl3.0_p10_h168,dip,22,68,15,3,10,168
acc_123,dip_e22_x72_tp2_sl5.0_p30_h336,dip,22,72,2,5,30,336
acc_124,dip_e22_x72_tp4_sl1.0_p50_h720,dip,22,72,4,1,50,720
acc_125,dip_e22_x72_tp5_sl1.5_p80_h720,dip,22,72,5,1.5,80,720
acc_126,dip_e22_x72_tp6_sl3.0_p30_h0,dip,22,72,6,3,30,0
acc_127,dip_e22_x72_tp8_sl5.0_p50_h72,dip,22,72,8,5,50,72
acc_128,dip_e22_x72_tp12_sl1.0_p80_h72,dip,22,72,12,1,80,72
acc_129,dip_e22_x72_tp15_sl2.0_p20_h168,dip,22,72,15,2,20,168
acc_130,dip_e22_x76_tp2_sl3.0_p40_h336,dip,22,76,2,3,40,336
acc_131,dip_e22_x76_tp3_sl5.0_p60_h720,dip,22,76,3,5,60,720
acc_132,dip_e22_x76_tp5_sl1.5_p10_h720,dip,22,76,5,1.5,10,720
acc_133,dip_e22_x76_tp6_sl2.0_p40_h0,dip,22,76,6,2,40,0
acc_134,dip_e22_x76_tp8_sl3.0_p60_h72,dip,22,76,8,3,60,72
acc_135,dip_e22_x76_tp12_sl1.0_p10_h72,dip,22,76,12,1,10,72
acc_136,dip_e22_x76_tp15_sl1.5_p30_h168,dip,22,76,15,1.5,30,168
acc_137,dip_e22_x80_tp2_sl2.0_p50_h336,dip,22,80,2,2,50,336
acc_138,dip_e22_x80_tp3_sl3.0_p80_h720,dip,22,80,3,3,80,720
acc_139,dip_e22_x80_tp5_sl1.0_p20_h720,dip,22,80,5,1,20,720
acc_140,dip_e22_x80_tp6_sl1.5_p50_h0,dip,22,80,6,1.5,50,0
acc_141,dip_e22_x80_tp8_sl2.0_p80_h72,dip,22,80,8,2,80,72
acc_142,dip_e22_x80_tp10_sl5.0_p20_h72,dip,22,80,10,5,20,72
acc_143,dip_e22_x80_tp15_sl1.0_p40_h168,dip,22,80,15,1,40,168
acc_144,dip_e22_x85_tp2_sl1.5_p60_h336,dip,22,85,2,1.5,60,336
acc_145,dip_e22_x85_tp3_sl3.0_p10_h720,dip,22,85,3,3,10,720
acc_146,dip_e22_x85_tp4_sl5.0_p30_h720,dip,22,85,4,5,30,720
acc_147,dip_e22_x85_tp6_sl1.0_p60_h0,dip,22,85,6,1,60,0
acc_148,dip_e22_x85_tp8_sl2.0_p10_h72,dip,22,85,8,2,10,72
acc_149,dip_e22_x85_tp10_sl3.0_p30_h168,dip,22,85,10,3,30,168
acc_150,dip_e22_x85_tp12_sl5.0_p50_h168,dip,22,85,12,5,50,168
acc_151,dip_e25_x60_tp2_sl1.0_p80_h336,dip,25,60,2,1,80,336
acc_152,dip_e25_x60_tp3_sl2.0_p20_h720,dip,25,60,3,2,20,720
acc_153,dip_e25_x60_tp4_sl3.0_p40_h720,dip,25,60,4,3,40,720
acc_154,dip_e25_x60_tp5_sl5.0_p80_h0,dip,25,60,5,5,80,0
acc_155,dip_e25_x60_tp8_sl1.5_p20_h72,dip,25,60,8,1.5,20,72
acc_156,dip_e25_x60_tp10_sl2.0_p40_h168,dip,25,60,10,2,40,168
acc_157,dip_e25_x60_tp12_sl3.0_p60_h168,dip,25,60,12,3,60,168
acc_158,dip_e25_x64_tp2_sl1.0_p10_h336,dip,25,64,2,1,10,336
acc_159,dip_e25_x64_tp3_sl1.5_p30_h720,dip,25,64,3,1.5,30,720
acc_160,dip_e25_x64_tp4_sl2.0_p50_h720,dip,25,64,4,2,50,720
acc_161,dip_e25_x64_tp5_sl5.0_p10_h0,dip,25,64,5,5,10,0
acc_162,dip_e25_x64_tp8_sl1.0_p30_h72,dip,25,64,8,1,30,72
acc_163,dip_e25_x64_tp10_sl1.5_p50_h168,dip,25,64,10,1.5,50,168
acc_164,dip_e25_x64_tp12_sl2.0_p80_h168,dip,25,64,12,2,80,168
acc_165,dip_e25_x64_tp15_sl5.0_p20_h336,dip,25,64,15,5,20,336
acc_166,dip_e25_x68_tp3_sl1.0_p40_h720,dip,25,68,3,1,40,720
acc_167,dip_e25_x68_tp4_sl1.5_p60_h720,dip,25,68,4,1.5,60,720
acc_168,dip_e25_x68_tp5_sl3.0_p20_h0,dip,25,68,5,3,20,0
acc_169,dip_e25_x68_tp6_sl5.0_p40_h72,dip,25,68,6,5,40,72
acc_170,dip_e25_x68_tp10_sl1.0_p60_h168,dip,25,68,10,1,60,168
acc_171,dip_e25_x68_tp12_sl2.0_p10_h168,dip,25,68,12,2,10,168
acc_172,dip_e25_x68_tp15_sl3.0_p30_h336,dip,25,68,15,3,30,336
acc_173,dip_e25_x72_tp2_sl5.0_p50_h720,dip,25,72,2,5,50,720
acc_174,dip_e25_x72_tp4_sl1.5_p10_h0,dip,25,72,4,1.5,10,0
acc_175,dip_e25_x72_tp5_sl2.0_p30_h0,dip,25,72,5,2,30,0
acc_176,dip_e25_x72_tp6_sl3.0_p50_h72,dip,25,72,6,3,50,72
acc_177,dip_e25_x72_tp8_sl5.0_p80_h168,dip,25,72,8,5,80,168
acc_178,dip_e25_x72_tp12_sl1.5_p20_h168,dip,25,72,12,1.5,20,168
acc_179,dip_e25_x72_tp15_sl2.0_p40_h336,dip,25,72,15,2,40,336
acc_180,dip_e25_x76_tp2_sl3.0_p60_h720,dip,25,76,2,3,60,720
acc_181,dip_e25_x76_tp4_sl1.0_p20_h0,dip,25,76,4,1,20,0
acc_182,dip_e25_x76_tp5_sl1.5_p40_h0,dip,25,76,5,1.5,40,0
acc_183,dip_e25_x76_tp6_sl2.0_p60_h72,dip,25,76,6,2,60,72
acc_184,dip_e25_x76_tp8_sl5.0_p10_h168,dip,25,76,8,5,10,168
acc_185,dip_e25_x76_tp12_sl1.0_p30_h168,dip,25,76,12,1,30,168
acc_186,dip_e25_x76_tp15_sl1.5_p50_h336,dip,25,76,15,1.5,50,336
acc_187,dip_e25_x80_tp2_sl2.0_p80_h720,dip,25,80,2,2,80,720
acc_188,dip_e25_x80_tp3_sl5.0_p30_h0,dip,25,80,3,5,30,0
acc_189,dip_e25_x80_tp5_sl1.0_p50_h0,dip,25,80,5,1,50,0
acc_190,dip_e25_x80_tp6_sl1.5_p80_h72,dip,25,80,6,1.5,80,72
acc_191,dip_e25_x80_tp8_sl3.0_p20_h168,dip,25,80,8,3,20,168
acc_192,dip_e25_x80_tp10_sl5.0_p40_h168,dip,25,80,10,5,40,168
acc_193,dip_e25_x80_tp15_sl1.0_p60_h336,dip,25,80,15,1,60,336
acc_194,dip_e25_x85_tp2_sl2.0_p10_h720,dip,25,85,2,2,10,720
acc_195,dip_e25_x85_tp3_sl3.0_p40_h0,dip,25,85,3,3,40,0
acc_196,dip_e25_x85_tp4_sl5.0_p60_h0,dip,25,85,4,5,60,0
acc_197,dip_e25_x85_tp6_sl1.5_p10_h72,dip,25,85,6,1.5,10,72
acc_198,dip_e25_x85_tp8_sl2.0_p30_h168,dip,25,85,8,2,30,168
acc_199,dip_e25_x85_tp10_sl3.0_p50_h336,dip,25,85,10,3,50,336
acc_200,dip_e25_x85_tp12_sl5.0_p80_h336,dip,25,85,12,5,80,336
acc_201,dip_e28_x60_tp2_sl1.5_p20_h720,dip,28,60,2,1.5,20,720
acc_202,dip_e28_x60_tp3_sl2.0_p50_h0,dip,28,60,3,2,50,0
acc_203,dip_e28_x60_tp4_sl3.0_p80_h0,dip,28,60,4,3,80,0
acc_204,dip_e28_x60_tp6_sl1.0_p20_h72,dip,28,60,6,1,20,72
acc_205,dip_e28_x60_tp8_sl1.5_p40_h168,dip,28,60,8,1.5,40,168
acc_206,dip_e28_x60_tp10_sl2.0_p60_h336,dip,28,60,10,2,60,336
acc_207,dip_e28_x60_tp12_sl5.0_p10_h336,dip,28,60,12,5,10,336
acc_208,dip_e28_x64_tp2_sl1.0_p30_h720,dip,28,64,2,1,30,720
acc_209,dip_e28_x64_tp3_sl1.5_p60_h0,dip,28,64,3,1.5,60,0
acc_210,dip_e28_x64_tp4_sl3.0_p10_h0,dip,28,64,4,3,10,0
acc_211,dip_e28_x64_tp5_sl5.0_p30_h72,dip,28,64,5,5,30,72
acc_212,dip_e28_x64_tp8_sl1.0_p50_h168,dip,28,64,8,1,50,168
acc_213,dip_e28_x64_tp10_sl1.5_p80_h336,dip,28,64,10,1.5,80,336
acc_214,dip_e28_x64_tp12_sl3.0_p20_h336,dip,28,64,12,3,20,336
acc_215,dip_e28_x64_tp15_sl5.0_p40_h720,dip,28,64,15,5,40,720
acc_216,dip_e28_x68_tp3_sl1.0_p80_h0,dip,28,68,3,1,80,0
acc_217,dip_e28_x68_tp4_sl2.0_p20_h0,dip,28,68,4,2,20,0
acc_218,dip_e28_x68_tp5_sl3.0_p40_h72,dip,28,68,5,3,40,72
acc_219,dip_e28_x68_tp6_sl5.0_p60_h168,dip,28,68,6,5,60,168
acc_220,dip_e28_x68_tp10_sl1.5_p10_h336,dip,28,68,10,1.5,10,336
acc_221,dip_e28_x68_tp12_sl2.0_p30_h336,dip,28,68,12,2,30,336
acc_222,dip_e28_x68_tp15_sl3.0_p50_h720,dip,28,68,15,3,50,720
acc_223,dip_e28_x72_tp3_sl1.0_p10_h0,dip,28,72,3,1,10,0
acc_224,dip_e28_x72_tp4_sl1.5_p30_h0,dip,28,72,4,1.5,30,0
acc_225,dip_e28_x72_tp5_sl2.0_p50_h72,dip,28,72,5,2,50,72
acc_226,dip_e28_x72_tp6_sl3.0_p80_h168,dip,28,72,6,3,80,168
acc_227,dip_e28_x72_tp10_sl1.0_p20_h336,dip,28,72,10,1,20,336
acc_228,dip_e28_x72_tp12_sl1.5_p40_h336,dip,28,72,12,1.5,40,336
acc_229,dip_e28_x72_tp15_sl2.0_p60_h720,dip,28,72,15,2,60,720
acc_230,dip_e28_x76_tp2_sl5.0_p20_h0,dip,28,76,2,5,20,0
acc_231,dip_e28_x76_tp4_sl1.0_p40_h72,dip,28,76,4,1,40,72
acc_232,dip_e28_x76_tp5_sl1.5_p60_h72,dip,28,76,5,1.5,60,72
acc_233,dip_e28_x76_tp6_sl3.0_p10_h168,dip,28,76,6,3,10,168
acc_234,dip_e28_x76_tp8_sl5.0_p30_h336,dip,28,76,8,5,30,336
acc_235,dip_e28_x76_tp12_sl1.0_p50_h336,dip,28,76,12,1,50,336
acc_236,dip_e28_x76_tp15_sl1.5_p80_h720,dip,28,76,15,1.5,80,720
acc_237,dip_e28_x80_tp2_sl3.0_p30_h0,dip,28,80,2,3,30,0
acc_238,dip_e28_x80_tp3_sl5.0_p50_h72,dip,28,80,3,5,50,72
acc_239,dip_e28_x80_tp5_sl1.0_p80_h72,dip,28,80,5,1,80,72
acc_240,dip_e28_x80_tp6_sl2.0_p20_h168,dip,28,80,6,2,20,168
acc_241,dip_e28_x80_tp8_sl3.0_p40_h336,dip,28,80,8,3,40,336
acc_242,dip_e28_x80_tp10_sl5.0_p60_h336,dip,28,80,10,5,60,336
acc_243,dip_e28_x80_tp15_sl1.5_p10_h720,dip,28,80,15,1.5,10,720
acc_244,dip_e28_x85_tp2_sl2.0_p40_h0,dip,28,85,2,2,40,0
acc_245,dip_e28_x85_tp3_sl3.0_p60_h72,dip,28,85,3,3,60,72
acc_246,dip_e28_x85_tp5_sl1.0_p10_h72,dip,28,85,5,1,10,72
acc_247,dip_e28_x85_tp6_sl1.5_p30_h168,dip,28,85,6,1.5,30,168
acc_248,dip_e28_x85_tp8_sl2.0_p50_h336,dip,28,85,8,2,50,336
acc_249,dip_e28_x85_tp10_sl3.0_p80_h336,dip,28,85,10,3,80,336
acc_250,dip_e28_x85_tp15_sl1.0_p20_h720,dip,28,85,15,1,20,720
acc_251,dip_e30_x60_tp2_sl1.5_p50_h0,dip,30,60,2,1.5,50,0
acc_252,dip_e30_x60_tp3_sl2.0_p80_h72,dip,30,60,3,2,80,72
acc_253,dip_e30_x60_tp4_sl5.0_p20_h72,dip,30,60,4,5,20,72
acc_254,dip_e30_x60_tp6_sl1.0_p40_h168,dip,30,60,6,1,40,168
acc_255,dip_e30_x60_tp8_sl1.5_p60_h336,dip,30,60,8,1.5,60,336
acc_256,dip_e30_x60_tp10_sl3.0_p10_h720,dip,30,60,10,3,10,720
acc_257,dip_e30_x60_tp12_sl5.0_p30_h720,dip,30,60,12,5,30,720
acc_258,dip_e30_x64_tp2_sl1.0_p60_h0,dip,30,64,2,1,60,0
acc_259,dip_e30_x64_tp3_sl2.0_p10_h72,dip,30,64,3,2,10,72
acc_260,dip_e30_x64_tp4_sl3.0_p30_h72,dip,30,64,4,3,30,72
acc_261,dip_e30_x64_tp5_sl5.0_p50_h168,dip,30,64,5,5,50,168
acc_262,dip_e30_x64_tp8_sl1.0_p80_h336,dip,30,64,8,1,80,336
acc_263,dip_e30_x64_tp10_sl2.0_p20_h720,dip,30,64,10,2,20,720
acc_264,dip_e30_x64_tp12_sl3.0_p40_h720,dip,30,64,12,3,40,720
acc_265,dip_e30_x64_tp15_sl5.0_p80_h0,dip,30,64,15,5,80,0
acc_266,dip_e30_x68_tp3_sl1.5_p20_h72,dip,30,68,3,1.5,20,72
acc_267,dip_e30_x68_tp4_sl2.0_p40_h72,dip,30,68,4,2,40,72
acc_268,dip_e30_x68_tp5_sl3.0_p60_h168,dip,30,68,5,3,60,168
acc_269,dip_e30_x68_tp8_sl1.0_p10_h336,dip,30,68,8,1,10,336
acc_270,dip_e30_x68_tp10_sl1.5_p30_h720,dip,30,68,10,1.5,30,720
acc_271,dip_e30_x68_tp12_sl2.0_p50_h720,dip,30,68,12,2,50,720
acc_272,dip_e30_x68_tp15_sl5.0_p10_h0,dip,30,68,15,5,10,0
acc_273,dip_e30_x72_tp3_sl1.0_p30_h72,dip,30,72,3,1,30,72
acc_274,dip_e30_x72_tp4_sl1.5_p50_h72,dip,30,72,4,1.5,50,72
acc_275,dip_e30_x72_tp5_sl2.0_p80_h168,dip,30,72,5,2,80,168
acc_276,dip_e30_x72_tp6_sl5.0_p20_h336,dip,30,72,6,5,20,336
acc_277,dip_e30_x72_tp10_sl1.0_p40_h720,dip,30,72,10,1,40,720
acc_278,dip_e30_x72_tp12_sl1.5_p60_h720,dip,30,72,12,1.5,60,720
acc_279,dip_e30_x72_tp15_sl3.0_p20_h0,dip,30,72,15,3,20,0
acc_280,dip_e30_x76_tp2_sl5.0_p40_h72,dip,30,76,2,5,40,72
acc_281,dip_e30_x76_tp4_sl1.0_p60_h168,dip,30,76,4,1,60,168
acc_282,dip_e30_x76_tp5_sl2.0_p10_h168,dip,30,76,5,2,10,168
acc_283,dip_e30_x76_tp6_sl3.0_p30_h336,dip,30,76,6,3,30,336
acc_284,dip_e30_x76_tp8_sl5.0_p50_h720,dip,30,76,8,5,50,720
acc_285,dip_e30_x76_tp12_sl1.0_p80_h720,dip,30,76,12,1,80,720
acc_286,dip_e30_x76_tp15_sl2.0_p30_h0,dip,30,76,15,2,30,0
acc_287,dip_e30_x80_tp2_sl3.0_p50_h72,dip,30,80,2,3,50,72
acc_288,dip_e30_x80_tp3_sl5.0_p80_h168,dip,30,80,3,5,80,168
acc_289,dip_e30_x80_tp5_sl1.5_p20_h168,dip,30,80,5,1.5,20,168
acc_290,dip_e30_x80_tp6_sl2.0_p40_h336,dip,30,80,6,2,40,336
acc_291,dip_e30_x80_tp8_sl3.0_p60_h720,dip,30,80,8,3,60,720
acc_292,dip_e30_x80_tp12_sl1.0_p10_h720,dip,30,80,12,1,10,720
acc_293,dip_e30_x80_tp15_sl1.5_p40_h0,dip,30,80,15,1.5,40,0
acc_294,dip_e30_x85_tp2_sl2.0_p60_h72,dip,30,85,2,2,60,72
acc_295,dip_e30_x85_tp3_sl5.0_p10_h168,dip,30,85,3,5,10,168
acc_296,dip_e30_x85_tp5_sl1.0_p30_h168,dip,30,85,5,1,30,168
acc_297,dip_e30_x85_tp6_sl1.5_p50_h336,dip,30,85,6,1.5,50,336
acc_298,dip_e30_x85_tp8_sl2.0_p80_h720,dip,30,85,8,2,80,720
acc_299,dip_e30_x85_tp10_sl5.0_p20_h720,dip,30,85,10,5,20,720
acc_300,dip_e30_x85_tp15_sl1.0_p50_h0,dip,30,85,15,1,50,0
acc_301,dip_e33_x60_tp2_sl1.5_p80_h72,dip,33,60,2,1.5,80,72
acc_302,dip_e33_x60_tp3_sl3.0_p20_h168,dip,33,60,3,3,20,168
acc_303,dip_e33_x60_tp4_sl5.0_p40_h168,dip,33,60,4,5,40,168
acc_304,dip_e33_x60_tp6_sl1.0_p60_h336,dip,33,60,6,1,60,336
acc_305,dip_e33_x60_tp8_sl2.0_p10_h720,dip,33,60,8,2,10,720
acc_306,dip_e33_x60_tp10_sl3.0_p40_h0,dip,33,60,10,3,40,0
acc_307,dip_e33_x60_tp12_sl5.0_p60_h0,dip,33,60,12,5,60,0
acc_308,dip_e33_x64_tp2_sl1.5_p10_h72,dip,33,64,2,1.5,10,72
acc_309,dip_e33_x64_tp3_sl2.0_p30_h168,dip,33,64,3,2,30,168
acc_310,dip_e33_x64_tp4_sl3.0_p50_h168,dip,33,64,4,3,50,168
acc_311,dip_e33_x64_tp5_sl5.0_p80_h336,dip,33,64,5,5,80,336
acc_312,dip_e33_x64_tp8_sl1.5_p20_h720,dip,33,64,8,1.5,20,720
acc_313,dip_e33_x64_tp10_sl2.0_p50_h0,dip,33,64,10,2,50,0
acc_314,dip_e33_x64_tp12_sl3.0_p80_h0,dip,33,64,12,3,80,0
acc_315,dip_e33_x68_tp2_sl1.0_p20_h72,dip,33,68,2,1,20,72
acc_316,dip_e33_x68_tp3_sl1.5_p40_h168,dip,33,68,3,1.5,40,168
acc_317,dip_e33_x68_tp4_sl2.0_p60_h168,dip,33,68,4,2,60,168
acc_318,dip_e33_x68_tp5_sl5.0_p10_h336,dip,33,68,5,5,10,336
acc_319,dip_e33_x68_tp8_sl1.0_p30_h720,dip,33,68,8,1,30,720
acc_320,dip_e33_x68_tp10_sl1.5_p60_h0,dip,33,68,10,1.5,60,0
acc_321,dip_e33_x68_tp12_sl3.0_p10_h0,dip,33,68,12,3,10,0
acc_322,dip_e33_x68_tp15_sl5.0_p30_h72,dip,33,68,15,5,30,72
acc_323,dip_e33_x72_tp3_sl1.0_p50_h168,dip,33,72,3,1,50,168
acc_324,dip_e33_x72_tp4_sl1.5_p80_h168,dip,33,72,4,1.5,80,168
acc_325,dip_e33_x72_tp5_sl3.0_p20_h336,dip,33,72,5,3,20,336
acc_326,dip_e33_x72_tp6_sl5.0_p40_h720,dip,33,72,6,5,40,720
acc_327,dip_e33_x72_tp10_sl1.0_p80_h0,dip,33,72,10,1,80,0
acc_328,dip_e33_x72_tp12_sl2.0_p20_h0,dip,33,72,12,2,20,0
acc_329,dip_e33_x72_tp15_sl3.0_p40_h72,dip,33,72,15,3,40,72
acc_330,dip_e33_x76_tp2_sl5.0_p60_h168,dip,33,76,2,5,60,168
acc_331,dip_e33_x76_tp4_sl1.5_p10_h336,dip,33,76,4,1.5,10,336
acc_332,dip_e33_x76_tp5_sl2.0_p30_h336,dip,33,76,5,2,30,336
acc_333,dip_e33_x76_tp6_sl3.0_p50_h720,dip,33,76,6,3,50,720
acc_334,dip_e33_x76_tp10_sl1.0_p10_h0,dip,33,76,10,1,10,0
acc_335,dip_e33_x76_tp12_sl1.5_p30_h0,dip,33,76,12,1.5,30,0
acc_336,dip_e33_x76_tp15_sl2.0_p50_h72,dip,33,76,15,2,50,72
acc_337,dip_e33_x80_tp2_sl3.0_p80_h168,dip,33,80,2,3,80,168
acc_338,dip_e33_x80_tp4_sl1.0_p20_h336,dip,33,80,4,1,20,336
acc_339,dip_e33_x80_tp5_sl1.5_p40_h336,dip,33,80,5,1.5,40,336
acc_340,dip_e33_x80_tp6_sl2.0_p60_h720,dip,33,80,6,2,60,720
acc_341,dip_e33_x80_tp8_sl5.0_p20_h0,dip,33,80,8,5,20,0
acc_342,dip_e33_x80_tp12_sl1.0_p40_h0,dip,33,80,12,1,40,0
acc_343,dip_e33_x80_tp15_sl1.5_p60_h72,dip,33,80,15,1.5,60,72
acc_344,dip_e33_x85_tp2_sl3.0_p10_h168,dip,33,85,2,3,10,168
acc_345,dip_e33_x85_tp3_sl5.0_p30_h336,dip,33,85,3,5,30,336
acc_346,dip_e33_x85_tp5_sl1.0_p50_h336,dip,33,85,5,1,50,336
acc_347,dip_e33_x85_tp6_sl1.5_p80_h720,dip,33,85,6,1.5,80,720
acc_348,dip_e33_x85_tp8_sl3.0_p30_h0,dip,33,85,8,3,30,0
acc_349,dip_e33_x85_tp10_sl5.0_p50_h0,dip,33,85,10,5,50,0
acc_350,dip_e33_x85_tp15_sl1.0_p80_h72,dip,33,85,15,1,80,72
acc_351,dip_e36_x60_tp2_sl2.0_p20_h168,dip,36,60,2,2,20,168
acc_352,dip_e36_x60_tp3_sl3.0_p40_h336,dip,36,60,3,3,40,336
acc_353,dip_e36_x60_tp4_sl5.0_p60_h336,dip,36,60,4,5,60,336
acc_354,dip_e36_x60_tp6_sl1.5_p10_h720,dip,36,60,6,1.5,10,720
acc_355,dip_e36_x60_tp8_sl2.0_p40_h0,dip,36,60,8,2,40,0
acc_356,dip_e36_x60_tp10_sl3.0_p60_h72,dip,36,60,10,3,60,72
acc_357,dip_e36_x60_tp15_sl1.0_p10_h72,dip,36,60,15,1,10,72
acc_358,dip_e36_x64_tp2_sl1.5_p30_h168,dip,36,64,2,1.5,30,168
acc_359,dip_e36_x64_tp3_sl2.0_p50_h336,dip,36,64,3,2,50,336
acc_360,dip_e36_x64_tp4_sl3.0_p80_h336,dip,36,64,4,3,80,336
acc_361,dip_e36_x64_tp6_sl1.0_p20_h720,dip,36,64,6,1,20,720
acc_362,dip_e36_x64_tp8_sl1.5_p50_h0,dip,36,64,8,1.5,50,0
acc_363,dip_e36_x64_tp10_sl2.0_p80_h72,dip,36,64,10,2,80,72
acc_364,dip_e36_x64_tp12_sl5.0_p20_h72,dip,36,64,12,5,20,72
acc_365,dip_e36_x68_tp2_sl1.0_p40_h168,dip,36,68,2,1,40,168
acc_366,dip_e36_x68_tp3_sl1.5_p60_h336,dip,36,68,3,1.5,60,336
acc_367,dip_e36_x68_tp4_sl3.0_p10_h336,dip,36,68,4,3,10,336
acc_368,dip_e36_x68_tp5_sl5.0_p30_h720,dip,36,68,5,5,30,720
acc_369,dip_e36_x68_tp8_sl1.0_p60_h0,dip,36,68,8,1,60,0
acc_370,dip_e36_x68_tp10_sl2.0_p10_h72,dip,36,68,10,2,10,72
acc_371,dip_e36_x68_tp12_sl3.0_p30_h72,dip,36,68,12,3,30,72
acc_372,dip_e36_x68_tp15_sl5.0_p50_h168,dip,36,68,15,5,50,168
acc_373,dip_e36_x72_tp3_sl1.0_p80_h336,dip,36,72,3,1,80,336
acc_374,dip_e36_x72_tp4_sl2.0_p20_h336,dip,36,72,4,2,20,336
acc_375,dip_e36_x72_tp5_sl3.0_p40_h720,dip,36,72,5,3,40,720
acc_376,dip_e36_x72_tp6_sl5.0_p80_h0,dip,36,72,6,5,80,0
acc_377,dip_e36_x72_tp10_sl1.5_p20_h72,dip,36,72,10,1.5,20,72
acc_378,dip_e36_x72_tp12_sl2.0_p40_h72,dip,36,72,12,2,40,72
acc_379,dip_e36_x72_tp15_sl3.0_p60_h168,dip,36,72,15,3,60,168
acc_380,dip_e36_x76_tp3_sl1.0_p10_h336,dip,36,76,3,1,10,336
acc_381,dip_e36_x76_tp4_sl1.5_p30_h336,dip,36,76,4,1.5,30,336
acc_382,dip_e36_x76_tp5_sl2.0_p50_h720,dip,36,76,5,2,50,720
acc_383,dip_e36_x76_tp6_sl5.0_p10_h0,dip,36,76,6,5,10,0
acc_384,dip_e36_x76_tp10_sl1.0_p30_h72,dip,36,76,10,1,30,72
acc_385,dip_e36_x76_tp12_sl1.5_p50_h72,dip,36,76,12,1.5,50,72
acc_386,dip_e36_x76_tp15_sl2.0_p80_h168,dip,36,76,15,2,80,168
acc_387,dip_e36_x80_tp2_sl5.0_p20_h336,dip,36,80,2,5,20,336
acc_388,dip_e36_x80_tp4_sl1.0_p40_h720,dip,36,80,4,1,40,720
acc_389,dip_e36_x80_tp5_sl1.5_p60_h720,dip,36,80,5,1.5,60,720
acc_390,dip_e36_x80_tp6_sl3.0_p20_h0,dip,36,80,6,3,20,0
acc_391,dip_e36_x80_tp8_sl5.0_p40_h72,dip,36,80,8,5,40,72
acc_392,dip_e36_x80_tp12_sl1.0_p60_h72,dip,36,80,12,1,60,72
acc_393,dip_e36_x80_tp15_sl2.0_p10_h168,dip,36,80,15,2,10,168
acc_394,dip_e36_x85_tp2_sl3.0_p30_h336,dip,36,85,2,3,30,336
acc_395,dip_e36_x85_tp3_sl5.0_p50_h720,dip,36,85,3,5,50,720
acc_396,dip_e36_x85_tp5_sl1.0_p80_h720,dip,36,85,5,1,80,720
acc_397,dip_e36_x85_tp6_sl2.0_p30_h0,dip,36,85,6,2,30,0
acc_398,dip_e36_x85_tp8_sl3.0_p50_h72,dip,36,85,8,3,50,72
acc_399,dip_e36_x85_tp10_sl5.0_p80_h72,dip,36,85,10,5,80,72
acc_400,dip_e36_x85_tp15_sl1.5_p20_h168,dip,36,85,15,1.5,20,168
acc_401,dip_e40_x60_tp2_sl2.0_p40_h336,dip,40,60,2,2,40,336
acc_402,dip_e40_x60_tp3_sl3.0_p60_h720,dip,40,60,3,3,60,720
acc_403,dip_e40_x60_tp5_sl1.0_p10_h720,dip,40,60,5,1,10,720
acc_404,dip_e40_x60_tp6_sl1.5_p40_h0,dip,40,60,6,1.5,40,0
acc_405,dip_e40_x60_tp8_sl2.0_p60_h72,dip,40,60,8,2,60,72
acc_406,dip_e40_x60_tp10_sl5.0_p10_h72,dip,40,60,10,5,10,72
acc_407,dip_e40_x60_tp15_sl1.0_p30_h168,dip,40,60,15,1,30,168
acc_408,dip_e40_x64_tp2_sl1.5_p50_h336,dip,40,64,2,1.5,50,336
acc_409,dip_e40_x64_tp3_sl2.0_p80_h720,dip,40,64,3,2,80,720
acc_410,dip_e40_x64_tp4_sl5.0_p20_h720,dip,40,64,4,5,20,720
acc_411,dip_e40_x64_tp6_sl1.0_p50_h0,dip,40,64,6,1,50,0
acc_412,dip_e40_x64_tp8_sl1.5_p80_h72,dip,40,64,8,1.5,80,72
acc_413,dip_e40_x64_tp10_sl3.0_p20_h168,dip,40,64,10,3,20,168
acc_414,dip_e40_x64_tp12_sl5.0_p40_h168,dip,40,64,12,5,40,168
acc_415,dip_e40_x68_tp2_sl1.0_p60_h336,dip,40,68,2,1,60,336
acc_416,dip_e40_x68_tp3_sl2.0_p10_h720,dip,40,68,3,2,10,720
acc_417,dip_e40_x68_tp4_sl3.0_p30_h720,dip,40,68,4,3,30,720
acc_418,dip_e40_x68_tp5_sl5.0_p60_h0,dip,40,68,5,5,60,0
acc_419,dip_e40_x68_tp8_sl1.5_p10_h72,dip,40,68,8,1.5,10,72
acc_420,dip_e40_x68_tp10_sl2.0_p30_h168,dip,40,68,10,2,30,168
acc_421,dip_e40_x68_tp12_sl3.0_p50_h168,dip,40,68,12,3,50,168
acc_422,dip_e40_x68_tp15_sl5.0_p80_h336,dip,40,68,15,5,80,336
acc_423,dip_e40_x72_tp3_sl1.5_p20_h720,dip,40,72,3,1.5,20,720
acc_424,dip_e40_x72_tp4_sl2.0_p40_h720,dip,40,72,4,2,40,720
acc_425,dip_e40_x72_tp5_sl3.0_p80_h0,dip,40,72,5,3,80,0
acc_426,dip_e40_x72_tp8_sl1.0_p20_h72,dip,40,72,8,1,20,72
acc_427,dip_e40_x72_tp10_sl1.5_p40_h168,dip,40,72,10,1.5,40,168
acc_428,dip_e40_x72_tp12_sl2.0_p60_h168,dip,40,72,12,2,60,168
acc_429,dip_e40_x72_tp15_sl5.0_p10_h336,dip,40,72,15,5,10,336
acc_430,dip_e40_x76_tp3_sl1.0_p30_h720,dip,40,76,3,1,30,720
acc_431,dip_e40_x76_tp4_sl1.5_p50_h720,dip,40,76,4,1.5,50,720
acc_432,dip_e40_x76_tp5_sl3.0_p10_h0,dip,40,76,5,3,10,0
acc_433,dip_e40_x76_tp6_sl5.0_p30_h72,dip,40,76,6,5,30,72
acc_434,dip_e40_x76_tp10_sl1.0_p50_h168,dip,40,76,10,1,50,168
acc_435,dip_e40_x76_tp12_sl1.5_p80_h168,dip,40,76,12,1.5,80,168
acc_436,dip_e40_x76_tp15_sl3.0_p20_h336,dip,40,76,15,3,20,336
acc_437,dip_e40_x80_tp2_sl5.0_p40_h720,dip,40,80,2,5,40,720
acc_438,dip_e40_x80_tp4_sl1.0_p80_h0,dip,40,80,4,1,80,0
acc_439,dip_e40_x80_tp5_sl2.0_p20_h0,dip,40,80,5,2,20,0
acc_440,dip_e40_x80_tp6_sl3.0_p40_h72,dip,40,80,6,3,40,72
acc_441,dip_e40_x80_tp8_sl5.0_p60_h168,dip,40,80,8,5,60,168
acc_442,dip_e40_x80_tp12_sl1.5_p10_h168,dip,40,80,12,1.5,10,168
acc_443,dip_e40_x80_tp15_sl2.0_p30_h336,dip,40,80,15,2,30,336
acc_444,dip_e40_x85_tp2_sl3.0_p50_h720,dip,40,85,2,3,50,720
acc_445,dip_e40_x85_tp4_sl1.0_p10_h0,dip,40,85,4,1,10,0
acc_446,dip_e40_x85_tp5_sl1.5_p30_h0,dip,40,85,5,1.5,30,0
acc_447,dip_e40_x85_tp6_sl2.0_p50_h72,dip,40,85,6,2,50,72
acc_448,dip_e40_x85_tp8_sl3.0_p80_h168,dip,40,85,8,3,80,168
acc_449,dip_e40_x85_tp12_sl1.0_p20_h168,dip,40,85,12,1,20,168
acc_450,dip_e40_x85_tp15_sl1.5_p40_h336,dip,40,85,15,1.5,40,336
acc_451,dip_e45_x60_tp2_sl2.0_p60_h720,dip,45,60,2,2,60,720
acc_452,dip_e45_x60_tp3_sl5.0_p20_h0,dip,45,60,3,5,20,0
acc_453,dip_e45_x60_tp5_sl1.0_p40_h0,dip,45,60,5,1,40,0
acc_454,dip_e45_x60_tp6_sl1.5_p60_h72,dip,45,60,6,1.5,60,72
acc_455,dip_e45_x60_tp8_sl3.0_p10_h168,dip,45,60,8,3,10,168
acc_456,dip_e45_x60_tp10_sl5.0_p30_h168,dip,45,60,10,5,30,168
acc_457,dip_e45_x60_tp15_sl1.0_p50_h336,dip,45,60,15,1,50,336
acc_458,dip_e45_x64_tp2_sl1.5_p80_h720,dip,45,64,2,1.5,80,720
acc_459,dip_e45_x64_tp3_sl3.0_p30_h0,dip,45,64,3,3,30,0
acc_460,dip_e45_x64_tp4_sl5.0_p50_h0,dip,45,64,4,5,50,0
acc_461,dip_e45_x64_tp6_sl1.0_p80_h72,dip,45,64,6,1,80,72
acc_462,dip_e45_x64_tp8_sl2.0_p20_h168,dip,45,64,8,2,20,168
acc_463,dip_e45_x64_tp10_sl3.0_p40_h336,dip,45,64,10,3,40,336
acc_464,dip_e45_x64_tp12_sl5.0_p60_h336,dip,45,64,12,5,60,336
acc_465,dip_e45_x68_tp2_sl1.5_p10_h720,dip,45,68,2,1.5,10,720
acc_466,dip_e45_x68_tp3_sl2.0_p40_h0,dip,45,68,3,2,40,0
acc_467,dip_e45_x68_tp4_sl3.0_p60_h0,dip,45,68,4,3,60,0
acc_468,dip_e45_x68_tp6_sl1.0_p10_h72,dip,45,68,6,1,10,72
acc_469,dip_e45_x68_tp8_sl1.5_p30_h168,dip,45,68,8,1.5,30,168
acc_470,dip_e45_x68_tp10_sl2.0_p50_h336,dip,45,68,10,2,50,336
acc_471,dip_e45_x68_tp12_sl3.0_p80_h336,dip,45,68,12,3,80,336
acc_472,dip_e45_x72_tp2_sl1.0_p20_h720,dip,45,72,2,1,20,720
acc_473,dip_e45_x72_tp3_sl1.5_p50_h0,dip,45,72,3,1.5,50,0
acc_474,dip_e45_x72_tp4_sl2.0_p80_h0,dip,45,72,4,2,80,0
acc_475,dip_e45_x72_tp5_sl5.0_p20_h72,dip,45,72,5,5,20,72
acc_476,dip_e45_x72_tp8_sl1.0_p40_h168,dip,45,72,8,1,40,168
acc_477,dip_e45_x72_tp10_sl1.5_p60_h336,dip,45,72,10,1.5,60,336
acc_478,dip_e45_x72_tp12_sl3.0_p10_h336,dip,45,72,12,3,10,336
acc_479,dip_e45_x72_tp15_sl5.0_p30_h720,dip,45,72,15,5,30,720
acc_480,dip_e45_x76_tp3_sl1.0_p60_h0,dip,45,76,3,1,60,0
acc_481,dip_e45_x76_tp4_sl2.0_p10_h0,dip,45,76,4,2,10,0
acc_482,dip_e45_x76_tp5_sl3.0_p30_h72,dip,45,76,5,3,30,72
acc_483,dip_e45_x76_tp6_sl5.0_p50_h168,dip,45,76,6,5,50,168
acc_484,dip_e45_x76_tp10_sl1.0_p80_h336,dip,45,76,10,1,80,336
acc_485,dip_e45_x76_tp12_sl2.0_p20_h336,dip,45,76,12,2,20,336
acc_486,dip_e45_x76_tp15_sl3.0_p40_h720,dip,45,76,15,3,40,720
acc_487,dip_e45_x80_tp2_sl5.0_p80_h0,dip,45,80,2,5,80,0
acc_488,dip_e45_x80_tp4_sl1.5_p20_h72,dip,45,80,4,1.5,20,72
acc_489,dip_e45_x80_tp5_sl2.0_p40_h72,dip,45,80,5,2,40,72
acc_490,dip_e45_x80_tp6_sl3.0_p60_h168,dip,45,80,6,3,60,168
acc_491,dip_e45_x80_tp10_sl1.0_p10_h336,dip,45,80,10,1,10,336
acc_492,dip_e45_x80_tp12_sl1.5_p30_h336,dip,45,80,12,1.5,30,336
acc_493,dip_e45_x80_tp15_sl2.0_p50_h720,dip,45,80,15,2,50,720
acc_494,dip_e45_x85_tp2_sl5.0_p10_h0,dip,45,85,2,5,10,0
acc_495,dip_e45_x85_tp4_sl1.0_p30_h72,dip,45,85,4,1,30,72
acc_496,dip_e45_x85_tp5_sl1.5_p50_h72,dip,45,85,5,1.5,50,72
acc_497,dip_e45_x85_tp6_sl2.0_p80_h168,dip,45,85,6,2,80,168
acc_498,dip_e45_x85_tp8_sl5.0_p20_h336,dip,45,85,8,5,20,336
acc_499,dip_e45_x85_tp12_sl1.0_p40_h336,dip,45,85,12,1,40,336
acc_500,dip_e45_x85_tp15_sl1.5_p60_h720,dip,45,85,15,1.5,60,720
acc_501,mom_e15_x60_tp2_sl3.0_p20_h0,momentum,15,60,2,3,20,0
acc_502,mom_e15_x60_tp3_sl5.0_p40_h72,momentum,15,60,3,5,40,72
acc_503,mom_e15_x60_tp5_sl1.0_p60_h72,momentum,15,60,5,1,60,72
acc_504,mom_e15_x60_tp6_sl2.0_p10_h168,momentum,15,60,6,2,10,168
acc_505,mom_e15_x60_tp8_sl3.0_p30_h336,momentum,15,60,8,3,30,336
acc_506,mom_e15_x60_tp10_sl5.0_p50_h336,momentum,15,60,10,5,50,336
acc_507,mom_e15_x60_tp15_sl1.0_p80_h720,momentum,15,60,15,1,80,720
acc_508,mom_e15_x64_tp2_sl2.0_p30_h0,momentum,15,64,2,2,30,0
acc_509,mom_e15_x64_tp3_sl3.0_p50_h72,momentum,15,64,3,3,50,72
acc_510,mom_e15_x64_tp4_sl5.0_p80_h72,momentum,15,64,4,5,80,72
acc_511,mom_e15_x64_tp6_sl1.5_p20_h168,momentum,15,64,6,1.5,20,168
acc_512,mom_e15_x64_tp8_sl2.0_p40_h336,momentum,15,64,8,2,40,336
acc_513,mom_e15_x64_tp10_sl3.0_p60_h336,momentum,15,64,10,3,60,336
acc_514,mom_e15_x64_tp15_sl1.0_p10_h720,momentum,15,64,15,1,10,720
acc_515,mom_e15_x68_tp2_sl1.5_p40_h0,momentum,15,68,2,1.5,40,0
acc_516,mom_e15_x68_tp3_sl2.0_p60_h72,momentum,15,68,3,2,60,72
acc_517,mom_e15_x68_tp4_sl5.0_p10_h72,momentum,15,68,4,5,10,72
acc_518,mom_e15_x68_tp6_sl1.0_p30_h168,momentum,15,68,6,1,30,168
acc_519,mom_e15_x68_tp8_sl1.5_p50_h336,momentum,15,68,8,1.5,50,336
acc_520,mom_e15_x68_tp10_sl2.0_p80_h720,momentum,15,68,10,2,80,720
acc_521,mom_e15_x68_tp12_sl5.0_p20_h720,momentum,15,68,12,5,20,720
acc_522,mom_e15_x72_tp2_sl1.0_p50_h0,momentum,15,72,2,1,50,0
acc_523,mom_e15_x72_tp3_sl1.5_p80_h72,momentum,15,72,3,1.5,80,72
acc_524,mom_e15_x72_tp4_sl3.0_p20_h72,momentum,15,72,4,3,20,72
acc_525,mom_e15_x72_tp5_sl5.0_p40_h168,momentum,15,72,5,5,40,168
acc_526,mom_e15_x72_tp8_sl1.0_p60_h336,momentum,15,72,8,1,60,336
acc_527,mom_e15_x72_tp10_sl2.0_p10_h720,momentum,15,72,10,2,10,720
acc_528,mom_e15_x72_tp12_sl3.0_p30_h720,momentum,15,72,12,3,30,720
acc_529,mom_e15_x72_tp15_sl5.0_p60_h0,momentum,15,72,15,5,60,0
acc_530,mom_e15_x76_tp3_sl1.5_p10_h72,momentum,15,76,3,1.5,10,72
acc_531,mom_e15_x76_tp4_sl2.0_p30_h72,momentum,15,76,4,2,30,72
acc_532,mom_e15_x76_tp5_sl3.0_p50_h168,momentum,15,76,5,3,50,168
acc_533,mom_e15_x76_tp6_sl5.0_p80_h336,momentum,15,76,6,5,80,336
acc_534,mom_e15_x76_tp10_sl1.5_p20_h720,momentum,15,76,10,1.5,20,720
acc_535,mom_e15_x76_tp12_sl2.0_p40_h720,momentum,15,76,12,2,40,720
acc_536,mom_e15_x76_tp15_sl3.0_p80_h0,momentum,15,76,15,3,80,0
acc_537,mom_e15_x80_tp3_sl1.0_p20_h72,momentum,15,80,3,1,20,72
acc_538,mom_e15_x80_tp4_sl1.5_p40_h72,momentum,15,80,4,1.5,40,72
acc_539,mom_e15_x80_tp5_sl2.0_p60_h168,momentum,15,80,5,2,60,168
acc_540,mom_e15_x80_tp6_sl5.0_p10_h336,momentum,15,80,6,5,10,336
acc_541,mom_e15_x80_tp10_sl1.0_p30_h720,momentum,15,80,10,1,30,720
acc_542,mom_e15_x80_tp12_sl1.5_p50_h720,momentum,15,80,12,1.5,50,720
acc_543,mom_e15_x80_tp15_sl3.0_p10_h0,momentum,15,80,15,3,10,0
acc_544,mom_e15_x85_tp2_sl5.0_p30_h72,momentum,15,85,2,5,30,72
acc_545,mom_e15_x85_tp4_sl1.0_p50_h168,momentum,15,85,4,1,50,168
acc_546,mom_e15_x85_tp5_sl1.5_p80_h168,momentum,15,85,5,1.5,80,168
acc_547,mom_e15_x85_tp6_sl3.0_p20_h336,momentum,15,85,6,3,20,336
acc_548,mom_e15_x85_tp8_sl5.0_p40_h720,momentum,15,85,8,5,40,720
acc_549,mom_e15_x85_tp12_sl1.0_p60_h720,momentum,15,85,12,1,60,720
acc_550,mom_e15_x85_tp15_sl2.0_p20_h0,momentum,15,85,15,2,20,0
acc_551,mom_e18_x60_tp2_sl3.0_p40_h72,momentum,18,60,2,3,40,72
acc_552,mom_e18_x60_tp3_sl5.0_p60_h168,momentum,18,60,3,5,60,168
acc_553,mom_e18_x60_tp5_sl1.5_p10_h168,momentum,18,60,5,1.5,10,168
acc_554,mom_e18_x60_tp6_sl2.0_p30_h336,momentum,18,60,6,2,30,336
acc_555,mom_e18_x60_tp8_sl3.0_p50_h720,momentum,18,60,8,3,50,720
acc_556,mom_e18_x60_tp10_sl5.0_p80_h720,momentum,18,60,10,5,80,720
acc_557,mom_e18_x60_tp15_sl1.5_p30_h0,momentum,18,60,15,1.5,30,0
acc_558,mom_e18_x64_tp2_sl2.0_p50_h72,momentum,18,64,2,2,50,72
acc_559,mom_e18_x64_tp3_sl3.0_p80_h168,momentum,18,64,3,3,80,168
acc_560,mom_e18_x64_tp5_sl1.0_p20_h168,momentum,18,64,5,1,20,168
acc_561,mom_e18_x64_tp6_sl1.5_p40_h336,momentum,18,64,6,1.5,40,336
acc_562,mom_e18_x64_tp8_sl2.0_p60_h720,momentum,18,64,8,2,60,720
acc_563,mom_e18_x64_tp10_sl5.0_p10_h720,momentum,18,64,10,5,10,720
acc_564,mom_e18_x64_tp15_sl1.0_p40_h0,momentum,18,64,15,1,40,0
acc_565,mom_e18_x68_tp2_sl1.5_p60_h72,momentum,18,68,2,1.5,60,72
acc_566,mom_e18_x68_tp3_sl3.0_p10_h168,momentum,18,68,3,3,10,168
acc_567,mom_e18_x68_tp4_sl5.0_p30_h168,momentum,18,68,4,5,30,168
acc_568,mom_e18_x68_tp6_sl1.0_p50_h336,momentum,18,68,6,1,50,336
acc_569,mom_e18_x68_tp8_sl1.5_p80_h720,momentum,18,68,8,1.5,80,720
acc_570,mom_e18_x68_tp10_sl3.0_p30_h0,momentum,18,68,10,3,30,0
acc_571,mom_e18_x68_tp12_sl5.0_p50_h0,momentum,18,68,12,5,50,0
acc_572,mom_e18_x72_tp2_sl1.0_p80_h72,momentum,18,72,2,1,80,72
acc_573,mom_e18_x72_tp3_sl2.0_p20_h168,momentum,18,72,3,2,20,168
acc_574,mom_e18_x72_tp4_sl3.0_p40_h168,momentum,18,72,4,3,40,168
acc_575,mom_e18_x72_tp5_sl5.0_p60_h336,momentum,18,72,5,5,60,336
acc_576,mom_e18_x72_tp8_sl1.5_p10_h720,momentum,18,72,8,1.5,10,720
acc_577,mom_e18_x72_tp10_sl2.0_p40_h0,momentum,18,72,10,2,40,0
acc_578,mom_e18_x72_tp12_sl3.0_p60_h0,momentum,18,72,12,3,60,0
acc_579,mom_e18_x76_tp2_sl1.0_p10_h72,momentum,18,76,2,1,10,72
acc_580,mom_e18_x76_tp3_sl1.5_p30_h168,momentum,18,76,3,1.5,30,168
acc_581,mom_e18_x76_tp4_sl2.0_p50_h168,momentum,18,76,4,2,50,168
acc_582,mom_e18_x76_tp5_sl3.0_p80_h336,momentum,18,76,5,3,80,336
acc_583,mom_e18_x76_tp8_sl1.0_p20_h720,momentum,18,76,8,1,20,720
acc_584,mom_e18_x76_tp10_sl1.5_p50_h0,momentum,18,76,10,1.5,50,0
acc_585,mom_e18_x76_tp12_sl2.0_p80_h0,momentum,18,76,12,2,80,0
acc_586,mom_e18_x76_tp15_sl5.0_p20_h72,momentum,18,76,15,5,20,72
acc_587,mom_e18_x80_tp3_sl1.0_p40_h168,momentum,18,80,3,1,40,168
acc_588,mom_e18_x80_tp4_sl1.5_p60_h168,momentum,18,80,4,1.5,60,168
acc_589,mom_e18_x80_tp5_sl3.0_p10_h336,momentum,18,80,5,3,10,336
acc_590,mom_e18_x80_tp6_sl5.0_p30_h720,momentum,18,80,6,5,30,720
acc_591,mom_e18_x80_tp10_sl1.0_p60_h0,momentum,18,80,10,1,60,0
acc_592,mom_e18_x80_tp12_sl2.0_p10_h0,momentum,18,80,12,2,10,0
acc_593,mom_e18_x80_tp15_sl3.0_p30_h72,momentum,18,80,15,3,30,72
acc_594,mom_e18_x85_tp2_sl5.0_p50_h168,momentum,18,85,2,5,50,168
acc_595,mom_e18_x85_tp4_sl1.0_p80_h336,momentum,18,85,4,1,80,336
acc_596,mom_e18_x85_tp5_sl2.0_p20_h336,momentum,18,85,5,2,20,336
acc_597,mom_e18_x85_tp6_sl3.0_p40_h720,momentum,18,85,6,3,40,720
acc_598,mom_e18_x85_tp8_sl5.0_p80_h0,momentum,18,85,8,5,80,0
acc_599,mom_e18_x85_tp12_sl1.5_p20_h0,momentum,18,85,12,1.5,20,0
acc_600,mom_e18_x85_tp15_sl2.0_p40_h72,momentum,18,85,15,2,40,72
acc_601,mom_e22_x60_tp2_sl3.0_p60_h168,momentum,22,60,2,3,60,168
acc_602,mom_e22_x60_tp4_sl1.0_p10_h336,momentum,22,60,4,1,10,336
acc_603,mom_e22_x60_tp5_sl1.5_p30_h336,momentum,22,60,5,1.5,30,336
acc_604,mom_e22_x60_tp6_sl2.0_p50_h720,momentum,22,60,6,2,50,720
acc_605,mom_e22_x60_tp8_sl5.0_p10_h0,momentum,22,60,8,5,10,0
acc_606,mom_e22_x60_tp12_sl1.0_p30_h0,momentum,22,60,12,1,30,0
acc_607,mom_e22_x60_tp15_sl1.5_p50_h72,momentum,22,60,15,1.5,50,72
acc_608,mom_e22_x64_tp2_sl2.0_p80_h168,momentum,22,64,2,2,80,168
acc_609,mom_e22_x64_tp3_sl5.0_p20_h336,momentum,22,64,3,5,20,336
acc_610,mom_e22_x64_tp5_sl1.0_p40_h336,momentum,22,64,5,1,40,336
acc_611,mom_e22_x64_tp6_sl1.5_p60_h720,momentum,22,64,6,1.5,60,720
acc_612,mom_e22_x64_tp8_sl3.0_p20_h0,momentum,22,64,8,3,20,0
acc_613,mom_e22_x64_tp10_sl5.0_p40_h0,momentum,22,64,10,5,40,0
acc_614,mom_e22_x64_tp15_sl1.0_p60_h72,momentum,22,64,15,1,60,72
acc_615,mom_e22_x68_tp2_sl2.0_p10_h168,momentum,22,68,2,2,10,168
acc_616,mom_e22_x68_tp3_sl3.0_p30_h336,momentum,22,68,3,3,30,336
acc_617,mom_e22_x68_tp4_sl5.0_p50_h336,momentum,22,68,4,5,50,336
acc_618,mom_e22_x68_tp6_sl1.0_p80_h720,momentum,22,68,6,1,80,720
acc_619,mom_e22_x68_tp8_sl2.0_p30_h0,momentum,22,68,8,2,30,0
acc_620,mom_e22_x68_tp10_sl3.0_p50_h72,momentum,22,68,10,3,50,72
acc_621,mom_e22_x68_tp12_sl5.0_p80_h72,momentum,22,68,12,5,80,72
acc_622,mom_e22_x72_tp2_sl1.5_p20_h168,momentum,22,72,2,1.5,20,168
acc_623,mom_e22_x72_tp3_sl2.0_p40_h336,momentum,22,72,3,2,40,336
acc_624,mom_e22_x72_tp4_sl3.0_p60_h336,momentum,22,72,4,3,60,336
acc_625,mom_e22_x72_tp6_sl1.0_p10_h720,momentum,22,72,6,1,10,720
acc_626,mom_e22_x72_tp8_sl1.5_p40_h0,momentum,22,72,8,1.5,40,0
acc_627,mom_e22_x72_tp10_sl2.0_p60_h72,momentum,22,72,10,2,60,72
acc_628,mom_e22_x72_tp12_sl5.0_p10_h72,momentum,22,72,12,5,10,72
acc_629,mom_e22_x76_tp2_sl1.0_p30_h168,momentum,22,76,2,1,30,168
acc_630,mom_e22_x76_tp3_sl1.5_p50_h336,momentum,22,76,3,1.5,50,336
acc_631,mom_e22_x76_tp4_sl2.0_p80_h336,momentum,22,76,4,2,80,336
acc_632,mom_e22_x76_tp5_sl5.0_p20_h720,momentum,22,76,5,5,20,720
acc_633,mom_e22_x76_tp8_sl1.0_p50_h0,momentum,22,76,8,1,50,0
acc_634,mom_e22_x76_tp10_sl1.5_p80_h72,momentum,22,76,10,1.5,80,72
acc_635,mom_e22_x76_tp12_sl3.0_p20_h72,momentum,22,76,12,3,20,72
acc_636,mom_e22_x76_tp15_sl5.0_p40_h168,momentum,22,76,15,5,40,168
acc_637,mom_e22_x80_tp3_sl1.0_p60_h336,momentum,22,80,3,1,60,336
acc_638,mom_e22_x80_tp4_sl2.0_p10_h336,momentum,22,80,4,2,10,336
acc_639,mom_e22_x80_tp5_sl3.0_p30_h720,momentum,22,80,5,3,30,720
acc_640,mom_e22_x80_tp6_sl5.0_p60_h0,momentum,22,80,6,5,60,0
acc_641,mom_e22_x80_tp10_sl1.5_p10_h72,momentum,22,80,10,1.5,10,72
acc_642,mom_e22_x80_tp12_sl2.0_p30_h72,momentum,22,80,12,2,30,72
acc_643,mom_e22_x80_tp15_sl3.0_p50_h168,momentum,22,80,15,3,50,168
acc_644,mom_e22_x85_tp2_sl5.0_p80_h336,momentum,22,85,2,5,80,336
acc_645,mom_e22_x85_tp4_sl1.5_p20_h336,momentum,22,85,4,1.5,20,336
acc_646,mom_e22_x85_tp5_sl2.0_p40_h720,momentum,22,85,5,2,40,720
acc_647,mom_e22_x85_tp6_sl3.0_p80_h0,momentum,22,85,6,3,80,0
acc_648,mom_e22_x85_tp10_sl1.0_p20_h72,momentum,22,85,10,1,20,72
acc_649,mom_e22_x85_tp12_sl1.5_p40_h72,momentum,22,85,12,1.5,40,72
acc_650,mom_e22_x85_tp15_sl2.0_p60_h168,momentum,22,85,15,2,60,168
acc_651,mom_e25_x60_tp2_sl5.0_p10_h336,momentum,25,60,2,5,10,336
acc_652,mom_e25_x60_tp4_sl1.0_p30_h720,momentum,25,60,4,1,30,720
acc_653,mom_e25_x60_tp5_sl1.5_p50_h720,momentum,25,60,5,1.5,50,720
acc_654,mom_e25_x60_tp6_sl3.0_p10_h0,momentum,25,60,6,3,10,0
acc_655,mom_e25_x60_tp8_sl5.0_p30_h72,momentum,25,60,8,5,30,72
acc_656,mom_e25_x60_tp12_sl1.0_p50_h72,momentum,25,60,12,1,50,72
acc_657,mom_e25_x60_tp15_sl1.5_p80_h168,momentum,25,60,15,1.5,80,168
acc_658,mom_e25_x64_tp2_sl3.0_p20_h336,momentum,25,64,2,3,20,336
acc_659,mom_e25_x64_tp3_sl5.0_p40_h720,momentum,25,64,3,5,40,720
acc_660,mom_e25_x64_tp5_sl1.0_p60_h720,momentum,25,64,5,1,60,720
acc_661,mom_e25_x64_tp6_sl2.0_p20_h0,momentum,25,64,6,2,20,0
acc_662,mom_e25_x64_tp8_sl3.0_p40_h72,momentum,25,64,8,3,40,72
acc_663,mom_e25_x64_tp10_sl5.0_p60_h72,momentum,25,64,10,5,60,72
acc_664,mom_e25_x64_tp15_sl1.5_p10_h168,momentum,25,64,15,1.5,10,168
acc_665,mom_e25_x68_tp2_sl2.0_p30_h336,momentum,25,68,2,2,30,336
acc_666,mom_e25_x68_tp3_sl3.0_p50_h720,momentum,25,68,3,3,50,720
acc_667,mom_e25_x68_tp4_sl5.0_p80_h720,momentum,25,68,4,5,80,720
acc_668,mom_e25_x68_tp6_sl1.5_p30_h0,momentum,25,68,6,1.5,30,0
acc_669,mom_e25_x68_tp8_sl2.0_p50_h72,momentum,25,68,8,2,50,72
acc_670,mom_e25_x68_tp10_sl3.0_p80_h72,momentum,25,68,10,3,80,72
acc_671,mom_e25_x68_tp15_sl1.0_p20_h168,momentum,25,68,15,1,20,168
acc_672,mom_e25_x72_tp2_sl1.5_p40_h336,momentum,25,72,2,1.5,40,336
acc_673,mom_e25_x72_tp3_sl2.0_p60_h720,momentum,25,72,3,2,60,720
acc_674,mom_e25_x72_tp4_sl5.0_p10_h720,momentum,25,72,4,5,10,720
acc_675,mom_e25_x72_tp6_sl1.0_p40_h0,momentum,25,72,6,1,40,0
acc_676,mom_e25_x72_tp8_sl1.5_p60_h72,momentum,25,72,8,1.5,60,72
acc_677,mom_e25_x72_tp10_sl3.0_p10_h168,momentum,25,72,10,3,10,168
acc_678,mom_e25_x72_tp12_sl5.0_p30_h168,momentum,25,72,12,5,30,168
acc_679,mom_e25_x76_tp2_sl1.0_p50_h336,momentum,25,76,2,1,50,336
acc_680,mom_e25_x76_tp3_sl1.5_p80_h720,momentum,25,76,3,1.5,80,720
acc_681,mom_e25_x76_tp4_sl3.0_p20_h720,momentum,25,76,4,3,20,720
acc_682,mom_e25_x76_tp5_sl5.0_p50_h0,momentum,25,76,5,5,50,0
acc_683,mom_e25_x76_tp8_sl1.0_p80_h72,momentum,25,76,8,1,80,72
acc_684,mom_e25_x76_tp10_sl2.0_p20_h168,momentum,25,76,10,2,20,168
acc_685,mom_e25_x76_tp12_sl3.0_p40_h168,momentum,25,76,12,3,40,168
acc_686,mom_e25_x76_tp15_sl5.0_p60_h336,momentum,25,76,15,5,60,336
acc_687,mom_e25_x80_tp3_sl1.5_p10_h720,momentum,25,80,3,1.5,10,720
acc_688,mom_e25_x80_tp4_sl2.0_p30_h720,momentum,25,80,4,2,30,720
acc_689,mom_e25_x80_tp5_sl3.0_p60_h0,momentum,25,80,5,3,60,0
acc_690,mom_e25_x80_tp8_sl1.0_p10_h72,momentum,25,80,8,1,10,72
acc_691,mom_e25_x80_tp10_sl1.5_p30_h168,momentum,25,80,10,1.5,30,168
acc_692,mom_e25_x80_tp12_sl2.0_p50_h168,momentum,25,80,12,2,50,168
acc_693,mom_e25_x80_tp15_sl3.0_p80_h336,momentum,25,80,15,3,80,336
acc_694,mom_e25_x85_tp3_sl1.0_p20_h720,momentum,25,85,3,1,20,720
acc_695,mom_e25_x85_tp4_sl1.5_p40_h720,momentum,25,85,4,1.5,40,720
acc_696,mom_e25_x85_tp5_sl2.0_p80_h0,momentum,25,85,5,2,80,0
acc_697,mom_e25_x85_tp6_sl5.0_p20_h72,momentum,25,85,6,5,20,72
acc_698,mom_e25_x85_tp10_sl1.0_p40_h168,momentum,25,85,10,1,40,168
acc_699,mom_e25_x85_tp12_sl1.5_p60_h168,momentum,25,85,12,1.5,60,168
acc_700,mom_e25_x85_tp15_sl3.0_p10_h336,momentum,25,85,15,3,10,336
acc_701,mom_e28_x60_tp2_sl5.0_p30_h720,momentum,28,60,2,5,30,720
acc_702,mom_e28_x60_tp4_sl1.0_p60_h0,momentum,28,60,4,1,60,0
acc_703,mom_e28_x60_tp5_sl2.0_p10_h0,momentum,28,60,5,2,10,0
acc_704,mom_e28_x60_tp6_sl3.0_p30_h72,momentum,28,60,6,3,30,72
acc_705,mom_e28_x60_tp8_sl5.0_p50_h168,momentum,28,60,8,5,50,168
acc_706,mom_e28_x60_tp12_sl1.0_p80_h168,momentum,28,60,12,1,80,168
acc_707,mom_e28_x60_tp15_sl2.0_p20_h336,momentum,28,60,15,2,20,336
acc_708,mom_e28_x64_tp2_sl3.0_p40_h720,momentum,28,64,2,3,40,720
acc_709,mom_e28_x64_tp3_sl5.0_p80_h0,momentum,28,64,3,5,80,0
acc_710,mom_e28_x64_tp5_sl1.5_p20_h0,momentum,28,64,5,1.5,20,0
acc_711,mom_e28_x64_tp6_sl2.0_p40_h72,momentum,28,64,6,2,40,72
acc_712,mom_e28_x64_tp8_sl3.0_p60_h168,momentum,28,64,8,3,60,168
acc_713,mom_e28_x64_tp12_sl1.0_p10_h168,momentum,28,64,12,1,10,168
acc_714,mom_e28_x64_tp15_sl1.5_p30_h336,momentum,28,64,15,1.5,30,336
acc_715,mom_e28_x68_tp2_sl2.0_p50_h720,momentum,28,68,2,2,50,720
acc_716,mom_e28_x68_tp3_sl5.0_p10_h0,momentum,28,68,3,5,10,0
acc_717,mom_e28_x68_tp5_sl1.0_p30_h0,momentum,28,68,5,1,30,0
acc_718,mom_e28_x68_tp6_sl1.5_p50_h72,momentum,28,68,6,1.5,50,72
acc_719,mom_e28_x68_tp8_sl2.0_p80_h168,momentum,28,68,8,2,80,168
acc_720,mom_e28_x68_tp10_sl5.0_p20_h168,momentum,28,68,10,5,20,168
acc_721,mom_e28_x68_tp15_sl1.0_p40_h336,momentum,28,68,15,1,40,336
acc_722,mom_e28_x72_tp2_sl1.5_p60_h720,momentum,28,72,2,1.5,60,720
acc_723,mom_e28_x72_tp3_sl3.0_p20_h0,momentum,28,72,3,3,20,0
acc_724,mom_e28_x72_tp4_sl5.0_p40_h0,momentum,28,72,4,5,40,0
acc_725,mom_e28_x72_tp6_sl1.0_p60_h72,momentum,28,72,6,1,60,72
acc_726,mom_e28_x72_tp8_sl2.0_p10_h168,momentum,28,72,8,2,10,168
acc_727,mom_e28_x72_tp10_sl3.0_p30_h336,momentum,28,72,10,3,30,336
acc_728,mom_e28_x72_tp12_sl5.0_p50_h336,momentum,28,72,12,5,50,336
acc_729,mom_e28_x76_tp2_sl1.0_p80_h720,momentum,28,76,2,1,80,720
acc_730,mom_e28_x76_tp3_sl2.0_p30_h0,momentum,28,76,3,2,30,0
acc_731,mom_e28_x76_tp4_sl3.0_p50_h0,momentum,28,76,4,3,50,0
acc_732,mom_e28_x76_tp5_sl5.0_p80_h72,momentum,28,76,5,5,80,72
acc_733,mom_e28_x76_tp8_sl1.5_p20_h168,momentum,28,76,8,1.5,20,168
acc_734,mom_e28_x76_tp10_sl2.0_p40_h336,momentum,28,76,10,2,40,336
acc_735,mom_e28_x76_tp12_sl3.0_p60_h336,momentum,28,76,12,3,60,336
acc_736,mom_e28_x80_tp2_sl1.0_p10_h720,momentum,28,80,2,1,10,720
acc_737,mom_e28_x80_tp3_sl1.5_p40_h0,momentum,28,80,3,1.5,40,0
acc_738,mom_e28_x80_tp4_sl2.0_p60_h0,momentum,28,80,4,2,60,0
acc_739,mom_e28_x80_tp5_sl5.0_p10_h72,momentum,28,80,5,5,10,72
acc_740,mom_e28_x80_tp8_sl1.0_p30_h168,momentum,28,80,8,1,30,168
acc_741,mom_e28_x80_tp10_sl1.5_p50_h336,momentum,28,80,10,1.5,50,336
acc_742,mom_e28_x80_tp12_sl2.0_p80_h336,momentum,28,80,12,2,80,336
acc_743,mom_e28_x80_tp15_sl5.0_p20_h720,momentum,28,80,15,5,20,720
acc_744,mom_e28_x85_tp3_sl1.0_p50_h0,momentum,28,85,3,1,50,0
acc_745,mom_e28_x85_tp4_sl1.5_p80_h0,momentum,28,85,4,1.5,80,0
acc_746,mom_e28_x85_tp5_sl3.0_p20_h72,momentum,28,85,5,3,20,72
acc_747,mom_e28_x85_tp6_sl5.0_p40_h168,momentum,28,85,6,5,40,168
acc_748,mom_e28_x85_tp10_sl1.0_p60_h336,momentum,28,85,10,1,60,336
acc_749,mom_e28_x85_tp12_sl2.0_p10_h336,momentum,28,85,12,2,10,336
acc_750,mom_e28_x85_tp15_sl3.0_p30_h720,momentum,28,85,15,3,30,720
acc_751,mom_e30_x60_tp2_sl5.0_p60_h0,momentum,30,60,2,5,60,0
acc_752,mom_e30_x60_tp4_sl1.5_p10_h72,momentum,30,60,4,1.5,10,72
acc_753,mom_e30_x60_tp5_sl2.0_p30_h72,momentum,30,60,5,2,30,72
acc_754,mom_e30_x60_tp6_sl3.0_p50_h168,momentum,30,60,6,3,50,168
acc_755,mom_e30_x60_tp8_sl5.0_p80_h336,momentum,30,60,8,5,80,336
acc_756,mom_e30_x60_tp12_sl1.5_p20_h336,momentum,30,60,12,1.5,20,336
acc_757,mom_e30_x60_tp15_sl2.0_p40_h720,momentum,30,60,15,2,40,720
acc_758,mom_e30_x64_tp2_sl3.0_p80_h0,momentum,30,64,2,3,80,0
acc_759,mom_e30_x64_tp4_sl1.0_p20_h72,momentum,30,64,4,1,20,72
acc_760,mom_e30_x64_tp5_sl1.5_p40_h72,momentum,30,64,5,1.5,40,72
acc_761,mom_e30_x64_tp6_sl2.0_p60_h168,momentum,30,64,6,2,60,168
acc_762,mom_e30_x64_tp8_sl5.0_p10_h336,momentum,30,64,8,5,10,336
acc_763,mom_e30_x64_tp12_sl1.0_p30_h336,momentum,30,64,12,1,30,336
acc_764,mom_e30_x64_tp15_sl1.5_p50_h720,momentum,30,64,15,1.5,50,720
acc_765,mom_e30_x68_tp2_sl3.0_p10_h0,momentum,30,68,2,3,10,0
acc_766,mom_e30_x68_tp3_sl5.0_p30_h72,momentum,30,68,3,5,30,72
acc_767,mom_e30_x68_tp5_sl1.0_p50_h72,momentum,30,68,5,1,50,72
acc_768,mom_e30_x68_tp6_sl1.5_p80_h168,momentum,30,68,6,1.5,80,168
acc_769,mom_e30_x68_tp8_sl3.0_p20_h336,momentum,30,68,8,3,20,336
acc_770,mom_e30_x68_tp10_sl5.0_p40_h336,momentum,30,68,10,5,40,336
acc_771,mom_e30_x68_tp15_sl1.0_p60_h720,momentum,30,68,15,1,60,720
acc_772,mom_e30_x72_tp2_sl2.0_p20_h0,momentum,30,72,2,2,20,0
acc_773,mom_e30_x72_tp3_sl3.0_p40_h72,momentum,30,72,3,3,40,72
acc_774,mom_e30_x72_tp4_sl5.0_p60_h72,momentum,30,72,4,5,60,72
acc_775,mom_e30_x72_tp6_sl1.5_p10_h168,momentum,30,72,6,1.5,10,168
acc_776,mom_e30_x72_tp8_sl2.0_p30_h336,momentum,30,72,8,2,30,336
acc_777,mom_e30_x72_tp10_sl3.0_p50_h720,momentum,30,72,10,3,50,720
acc_778,mom_e30_x72_tp12_sl5.0_p80_h720,momentum,30,72,12,5,80,720
acc_779,mom_e30_x76_tp2_sl1.5_p30_h0,momentum,30,76,2,1.5,30,0
acc_780,mom_e30_x76_tp3_sl2.0_p50_h72,momentum,30,76,3,2,50,72
acc_781,mom_e30_x76_tp4_sl3.0_p80_h72,momentum,30,76,4,3,80,72
acc_782,mom_e30_x76_tp6_sl1.0_p20_h168,momentum,30,76,6,1,20,168
acc_783,mom_e30_x76_tp8_sl1.5_p40_h336,momentum,30,76,8,1.5,40,336
acc_784,mom_e30_x76_tp10_sl2.0_p60_h720,momentum,30,76,10,2,60,720
acc_785,mom_e30_x76_tp12_sl5.0_p10_h720,momentum,30,76,12,5,10,720
acc_786,mom_e30_x80_tp2_sl1.0_p40_h0,momentum,30,80,2,1,40,0
acc_787,mom_e30_x80_tp3_sl1.5_p60_h72,momentum,30,80,3,1.5,60,72
acc_788,mom_e30_x80_tp4_sl3.0_p10_h72,momentum,30,80,4,3,10,72
acc_789,mom_e30_x80_tp5_sl5.0_p30_h168,momentum,30,80,5,5,30,168
acc_790,mom_e30_x80_tp8_sl1.0_p50_h336,momentum,30,80,8,1,50,336
acc_791,mom_e30_x80_tp10_sl1.5_p80_h720,momentum,30,80,10,1.5,80,720
acc_792,mom_e30_x80_tp12_sl3.0_p20_h720,momentum,30,80,12,3,20,720
acc_793,mom_e30_x80_tp15_sl5.0_p50_h0,momentum,30,80,15,5,50,0
acc_794,mom_e30_x85_tp3_sl1.0_p80_h72,momentum,30,85,3,1,80,72
acc_795,mom_e30_x85_tp4_sl2.0_p20_h72,momentum,30,85,4,2,20,72
acc_796,mom_e30_x85_tp5_sl3.0_p40_h168,momentum,30,85,5,3,40,168
acc_797,mom_e30_x85_tp6_sl5.0_p60_h336,momentum,30,85,6,5,60,336
acc_798,mom_e30_x85_tp10_sl1.5_p10_h720,momentum,30,85,10,1.5,10,720
acc_799,mom_e30_x85_tp12_sl2.0_p30_h720,momentum,30,85,12,2,30,720
acc_800,mom_e30_x85_tp15_sl3.0_p60_h0,momentum,30,85,15,3,60,0
acc_801,mom_e33_x60_tp3_sl1.0_p10_h72,momentum,33,60,3,1,10,72
acc_802,mom_e33_x60_tp4_sl1.5_p30_h72,momentum,33,60,4,1.5,30,72
acc_803,mom_e33_x60_tp5_sl2.0_p50_h168,momentum,33,60,5,2,50,168
acc_804,mom_e33_x60_tp6_sl3.0_p80_h336,momentum,33,60,6,3,80,336
acc_805,mom_e33_x60_tp10_sl1.0_p20_h720,momentum,33,60,10,1,20,720
acc_806,mom_e33_x60_tp12_sl1.5_p40_h720,momentum,33,60,12,1.5,40,720
acc_807,mom_e33_x60_tp15_sl2.0_p80_h0,momentum,33,60,15,2,80,0
acc_808,mom_e33_x64_tp2_sl5.0_p20_h72,momentum,33,64,2,5,20,72
acc_809,mom_e33_x64_tp4_sl1.0_p40_h168,momentum,33,64,4,1,40,168
acc_810,mom_e33_x64_tp5_sl1.5_p60_h168,momentum,33,64,5,1.5,60,168
acc_811,mom_e33_x64_tp6_sl3.0_p10_h336,momentum,33,64,6,3,10,336
acc_812,mom_e33_x64_tp8_sl5.0_p30_h720,momentum,33,64,8,5,30,720
acc_813,mom_e33_x64_tp12_sl1.0_p50_h720,momentum,33,64,12,1,50,720
acc_814,mom_e33_x64_tp15_sl2.0_p10_h0,momentum,33,64,15,2,10,0
acc_815,mom_e33_x68_tp2_sl3.0_p30_h72,momentum,33,68,2,3,30,72
acc_816,mom_e33_x68_tp3_sl5.0_p50_h168,momentum,33,68,3,5,50,168
acc_817,mom_e33_x68_tp5_sl1.0_p80_h168,momentum,33,68,5,1,80,168
acc_818,mom_e33_x68_tp6_sl2.0_p20_h336,momentum,33,68,6,2,20,336
acc_819,mom_e33_x68_tp8_sl3.0_p40_h720,momentum,33,68,8,3,40,720
acc_820,mom_e33_x68_tp10_sl5.0_p60_h720,momentum,33,68,10,5,60,720
acc_821,mom_e33_x68_tp15_sl1.5_p20_h0,momentum,33,68,15,1.5,20,0
acc_822,mom_e33_x72_tp2_sl2.0_p40_h72,momentum,33,72,2,2,40,72
acc_823,mom_e33_x72_tp3_sl3.0_p60_h168,momentum,33,72,3,3,60,168
acc_824,mom_e33_x72_tp5_sl1.0_p10_h168,momentum,33,72,5,1,10,168
acc_825,mom_e33_x72_tp6_sl1.5_p30_h336,momentum,33,72,6,1.5,30,336
acc_826,mom_e33_x72_tp8_sl2.0_p50_h720,momentum,33,72,8,2,50,720
acc_827,mom_e33_x72_tp10_sl3.0_p80_h720,momentum,33,72,10,3,80,720
acc_828,mom_e33_x72_tp15_sl1.0_p30_h0,momentum,33,72,15,1,30,0
acc_829,mom_e33_x76_tp2_sl1.5_p50_h72,momentum,33,76,2,1.5,50,72
acc_830,mom_e33_x76_tp3_sl2.0_p80_h168,momentum,33,76,3,2,80,168
acc_831,mom_e33_x76_tp4_sl5.0_p20_h168,momentum,33,76,4,5,20,168
acc_832,mom_e33_x76_tp6_sl1.0_p40_h336,momentum,33,76,6,1,40,336
acc_833,mom_e33_x76_tp8_sl1.5_p60_h720,momentum,33,76,8,1.5,60,720
acc_834,mom_e33_x76_tp10_sl3.0_p20_h0,momentum,33,76,10,3,20,0
acc_835,mom_e33_x76_tp12_sl5.0_p40_h0,momentum,33,76,12,5,40,0
acc_836,mom_e33_x80_tp2_sl1.0_p60_h72,momentum,33,80,2,1,60,72
acc_837,mom_e33_x80_tp3_sl2.0_p10_h168,momentum,33,80,3,2,10,168
acc_838,mom_e33_x80_tp4_sl3.0_p30_h168,momentum,33,80,4,3,30,168
acc_839,mom_e33_x80_tp5_sl5.0_p50_h336,momentum,33,80,5,5,50,336
acc_840,mom_e33_x80_tp8_sl1.0_p80_h720,momentum,33,80,8,1,80,720
acc_841,mom_e33_x80_tp10_sl2.0_p30_h0,momentum,33,80,10,2,30,0
acc_842,mom_e33_x80_tp12_sl3.0_p50_h0,momentum,33,80,12,3,50,0
acc_843,mom_e33_x80_tp15_sl5.0_p80_h72,momentum,33,80,15,5,80,72
acc_844,mom_e33_x85_tp3_sl1.5_p20_h168,momentum,33,85,3,1.5,20,168
acc_845,mom_e33_x85_tp4_sl2.0_p40_h168,momentum,33,85,4,2,40,168
acc_846,mom_e33_x85_tp5_sl3.0_p60_h336,momentum,33,85,5,3,60,336
acc_847,mom_e33_x85_tp8_sl1.0_p10_h720,momentum,33,85,8,1,10,720
acc_848,mom_e33_x85_tp10_sl1.5_p40_h0,momentum,33,85,10,1.5,40,0
acc_849,mom_e33_x85_tp12_sl2.0_p60_h0,momentum,33,85,12,2,60,0
acc_850,mom_e33_x85_tp15_sl5.0_p10_h72,momentum,33,85,15,5,10,72
acc_851,mom_e36_x60_tp3_sl1.0_p30_h168,momentum,36,60,3,1,30,168
acc_852,mom_e36_x60_tp4_sl1.5_p50_h168,momentum,36,60,4,1.5,50,168
acc_853,mom_e36_x60_tp5_sl2.0_p80_h336,momentum,36,60,5,2,80,336
acc_854,mom_e36_x60_tp6_sl5.0_p20_h720,momentum,36,60,6,5,20,720
acc_855,mom_e36_x60_tp10_sl1.0_p50_h0,momentum,36,60,10,1,50,0
acc_856,mom_e36_x60_tp12_sl1.5_p80_h0,momentum,36,60,12,1.5,80,0
acc_857,mom_e36_x60_tp15_sl3.0_p20_h72,momentum,36,60,15,3,20,72
acc_858,mom_e36_x64_tp2_sl5.0_p40_h168,momentum,36,64,2,5,40,168
acc_859,mom_e36_x64_tp4_sl1.0_p60_h336,momentum,36,64,4,1,60,336
acc_860,mom_e36_x64_tp5_sl2.0_p10_h336,momentum,36,64,5,2,10,336
acc_861,mom_e36_x64_tp6_sl3.0_p30_h720,momentum,36,64,6,3,30,720
acc_862,mom_e36_x64_tp8_sl5.0_p60_h0,momentum,36,64,8,5,60,0
acc_863,mom_e36_x64_tp12_sl1.5_p10_h0,momentum,36,64,12,1.5,10,0
acc_864,mom_e36_x64_tp15_sl2.0_p30_h72,momentum,36,64,15,2,30,72
acc_865,mom_e36_x68_tp2_sl3.0_p50_h168,momentum,36,68,2,3,50,168
acc_866,mom_e36_x68_tp3_sl5.0_p80_h336,momentum,36,68,3,5,80,336
acc_867,mom_e36_x68_tp5_sl1.5_p20_h336,momentum,36,68,5,1.5,20,336
acc_868,mom_e36_x68_tp6_sl2.0_p40_h720,momentum,36,68,6,2,40,720
acc_869,mom_e36_x68_tp8_sl3.0_p80_h0,momentum,36,68,8,3,80,0
acc_870,mom_e36_x68_tp12_sl1.0_p20_h0,momentum,36,68,12,1,20,0
acc_871,mom_e36_x68_tp15_sl1.5_p40_h72,momentum,36,68,15,1.5,40,72
acc_872,mom_e36_x72_tp2_sl2.0_p60_h168,momentum,36,72,2,2,60,168
acc_873,mom_e36_x72_tp3_sl5.0_p10_h336,momentum,36,72,3,5,10,336
acc_874,mom_e36_x72_tp5_sl1.0_p30_h336,momentum,36,72,5,1,30,336
acc_875,mom_e36_x72_tp6_sl1.5_p50_h720,momentum,36,72,6,1.5,50,720
acc_876,mom_e36_x72_tp8_sl3.0_p10_h0,momentum,36,72,8,3,10,0
acc_877,mom_e36_x72_tp10_sl5.0_p30_h0,momentum,36,72,10,5,30,0
acc_878,mom_e36_x72_tp15_sl1.0_p50_h72,momentum,36,72,15,1,50,72
acc_879,mom_e36_x76_tp2_sl1.5_p80_h168,momentum,36,76,2,1.5,80,168
acc_880,mom_e36_x76_tp3_sl3.0_p20_h336,momentum,36,76,3,3,20,336
acc_881,mom_e36_x76_tp4_sl5.0_p40_h336,momentum,36,76,4,5,40,336
acc_882,mom_e36_x76_tp6_sl1.0_p60_h720,momentum,36,76,6,1,60,720
acc_883,mom_e36_x76_tp8_sl2.0_p20_h0,momentum,36,76,8,2,20,0
acc_884,mom_e36_x76_tp10_sl3.0_p40_h72,momentum,36,76,10,3,40,72
acc_885,mom_e36_x76_tp12_sl5.0_p60_h72,momentum,36,76,12,5,60,72
acc_886,mom_e36_x80_tp2_sl1.5_p10_h168,momentum,36,80,2,1.5,10,168
acc_887,mom_e36_x80_tp3_sl2.0_p30_h336,momentum,36,80,3,2,30,336
acc_888,mom_e36_x80_tp4_sl3.0_p50_h336,momentum,36,80,4,3,50,336
acc_889,mom_e36_x80_tp5_sl5.0_p80_h720,momentum,36,80,5,5,80,720
acc_890,mom_e36_x80_tp8_sl1.5_p30_h0,momentum,36,80,8,1.5,30,0
acc_891,mom_e36_x80_tp10_sl2.0_p50_h72,momentum,36,80,10,2,50,72
acc_892,mom_e36_x80_tp12_sl3.0_p80_h72,momentum,36,80,12,3,80,72
acc_893,mom_e36_x85_tp2_sl1.0_p20_h168,momentum,36,85,2,1,20,168
acc_894,mom_e36_x85_tp3_sl1.5_p40_h336,momentum,36,85,3,1.5,40,336
acc_895,mom_e36_x85_tp4_sl2.0_p60_h336,momentum,36,85,4,2,60,336
acc_896,mom_e36_x85_tp5_sl5.0_p10_h720,momentum,36,85,5,5,10,720
acc_897,mom_e36_x85_tp8_sl1.0_p40_h0,momentum,36,85,8,1,40,0
acc_898,mom_e36_x85_tp10_sl1.5_p60_h72,momentum,36,85,10,1.5,60,72
acc_899,mom_e36_x85_tp12_sl3.0_p10_h72,momentum,36,85,12,3,10,72
acc_900,mom_e36_x85_tp15_sl5.0_p30_h168,momentum,36,85,15,5,30,168
acc_901,mom_e40_x60_tp3_sl1.0_p50_h336,momentum,40,60,3,1,50,336
acc_902,mom_e40_x60_tp4_sl1.5_p80_h336,momentum,40,60,4,1.5,80,336
acc_903,mom_e40_x60_tp5_sl3.0_p20_h720,momentum,40,60,5,3,20,720
acc_904,mom_e40_x60_tp6_sl5.0_p50_h0,momentum,40,60,6,5,50,0
acc_905,mom_e40_x60_tp10_sl1.0_p80_h72,momentum,40,60,10,1,80,72
acc_906,mom_e40_x60_tp12_sl2.0_p20_h72,momentum,40,60,12,2,20,72
acc_907,mom_e40_x60_tp15_sl3.0_p40_h168,momentum,40,60,15,3,40,168
acc_908,mom_e40_x64_tp2_sl5.0_p60_h336,momentum,40,64,2,5,60,336
acc_909,mom_e40_x64_tp4_sl1.5_p10_h720,momentum,40,64,4,1.5,10,720
acc_910,mom_e40_x64_tp5_sl2.0_p30_h720,momentum,40,64,5,2,30,720
acc_911,mom_e40_x64_tp6_sl3.0_p60_h0,momentum,40,64,6,3,60,0
acc_912,mom_e40_x64_tp10_sl1.0_p10_h72,momentum,40,64,10,1,10,72
acc_913,mom_e40_x64_tp12_sl1.5_p30_h72,momentum,40,64,12,1.5,30,72
acc_914,mom_e40_x64_tp15_sl2.0_p50_h168,momentum,40,64,15,2,50,168
acc_915,mom_e40_x68_tp2_sl3.0_p80_h336,momentum,40,68,2,3,80,336
acc_916,mom_e40_x68_tp4_sl1.0_p20_h720,momentum,40,68,4,1,20,720
acc_917,mom_e40_x68_tp5_sl1.5_p40_h720,momentum,40,68,5,1.5,40,720
acc_918,mom_e40_x68_tp6_sl2.0_p80_h0,momentum,40,68,6,2,80,0
acc_919,mom_e40_x68_tp8_sl5.0_p20_h72,momentum,40,68,8,5,20,72
acc_920,mom_e40_x68_tp12_sl1.0_p40_h72,momentum,40,68,12,1,40,72
acc_921,mom_e40_x68_tp15_sl1.5_p60_h168,momentum,40,68,15,1.5,60,168
acc_922,mom_e40_x72_tp2_sl3.0_p10_h336,momentum,40,72,2,3,10,336
acc_923,mom_e40_x72_tp3_sl5.0_p30_h720,momentum,40,72,3,5,30,720
acc_924,mom_e40_x72_tp5_sl1.0_p50_h720,momentum,40,72,5,1,50,720
acc_925,mom_e40_x72_tp6_sl2.0_p10_h0,momentum,40,72,6,2,10,0
acc_926,mom_e40_x72_tp8_sl3.0_p30_h72,momentum,40,72,8,3,30,72
acc_927,mom_e40_x72_tp10_sl5.0_p50_h72,momentum,40,72,10,5,50,72
acc_928,mom_e40_x72_tp15_sl1.0_p80_h168,momentum,40,72,15,1,80,168
acc_929,mom_e40_x76_tp2_sl2.0_p20_h336,momentum,40,76,2,2,20,336
acc_930,mom_e40_x76_tp3_sl3.0_p40_h720,momentum,40,76,3,3,40,720
acc_931,mom_e40_x76_tp4_sl5.0_p60_h720,momentum,40,76,4,5,60,720
acc_932,mom_e40_x76_tp6_sl1.5_p20_h0,momentum,40,76,6,1.5,20,0
acc_933,mom_e40_x76_tp8_sl2.0_p40_h72,momentum,40,76,8,2,40,72
acc_934,mom_e40_x76_tp10_sl3.0_p60_h72,momentum,40,76,10,3,60,72
acc_935,mom_e40_x76_tp15_sl1.0_p10_h168,momentum,40,76,15,1,10,168
acc_936,mom_e40_x80_tp2_sl1.5_p30_h336,momentum,40,80,2,1.5,30,336
acc_937,mom_e40_x80_tp3_sl2.0_p50_h720,momentum,40,80,3,2,50,720
acc_938,mom_e40_x80_tp4_sl3.0_p80_h720,momentum,40,80,4,3,80,720
acc_939,mom_e40_x80_tp6_sl1.0_p30_h0,momentum,40,80,6,1,30,0
acc_940,mom_e40_x80_tp8_sl1.5_p50_h72,momentum,40,80,8,1.5,50,72
acc_941,mom_e40_x80_tp10_sl2.0_p80_h168,momentum,40,80,10,2,80,168
acc_942,mom_e40_x80_tp12_sl5.0_p20_h168,momentum,40,80,12,5,20,168
acc_943,mom_e40_x85_tp2_sl1.0_p40_h336,momentum,40,85,2,1,40,336
acc_944,mom_e40_x85_tp3_sl1.5_p60_h720,momentum,40,85,3,1.5,60,720
acc_945,mom_e40_x85_tp4_sl3.0_p10_h720,momentum,40,85,4,3,10,720
acc_946,mom_e40_x85_tp5_sl5.0_p40_h0,momentum,40,85,5,5,40,0
acc_947,mom_e40_x85_tp8_sl1.0_p60_h72,momentum,40,85,8,1,60,72
acc_948,mom_e40_x85_tp10_sl2.0_p10_h168,momentum,40,85,10,2,10,168
acc_949,mom_e40_x85_tp12_sl3.0_p30_h168,momentum,40,85,12,3,30,168
acc_950,mom_e40_x85_tp15_sl5.0_p50_h336,momentum,40,85,15,5,50,336
acc_951,mom_e45_x60_tp3_sl1.0_p80_h720,momentum,45,60,3,1,80,720
acc_952,mom_e45_x60_tp4_sl2.0_p20_h720,momentum,45,60,4,2,20,720
acc_953,mom_e45_x60_tp5_sl3.0_p50_h0,momentum,45,60,5,3,50,0
acc_954,mom_e45_x60_tp6_sl5.0_p80_h72,momentum,45,60,6,5,80,72
acc_955,mom_e45_x60_tp10_sl1.5_p20_h168,momentum,45,60,10,1.5,20,168
acc_956,mom_e45_x60_tp12_sl2.0_p40_h168,momentum,45,60,12,2,40,168
acc_957,mom_e45_x60_tp15_sl3.0_p60_h336,momentum,45,60,15,3,60,336
acc_958,mom_e45_x64_tp3_sl1.0_p10_h720,momentum,45,64,3,1,10,720
acc_959,mom_e45_x64_tp4_sl1.5_p30_h720,momentum,45,64,4,1.5,30,720
acc_960,mom_e45_x64_tp5_sl2.0_p60_h0,momentum,45,64,5,2,60,0
acc_961,mom_e45_x64_tp6_sl5.0_p10_h72,momentum,45,64,6,5,10,72
acc_962,mom_e45_x64_tp10_sl1.0_p30_h168,momentum,45,64,10,1,30,168
acc_963,mom_e45_x64_tp12_sl1.5_p50_h168,momentum,45,64,12,1.5,50,168
acc_964,mom_e45_x64_tp15_sl2.0_p80_h336,momentum,45,64,15,2,80,336
acc_965,mom_e45_x68_tp2_sl5.0_p20_h720,momentum,45,68,2,5,20,720
acc_966,mom_e45_x68_tp4_sl1.0_p50_h0,momentum,45,68,4,1,50,0
acc_967,mom_e45_x68_tp5_sl1.5_p80_h0,momentum,45,68,5,1.5,80,0
acc_968,mom_e45_x68_tp6_sl3.0_p20_h72,momentum,45,68,6,3,20,72
acc_969,mom_e45_x68_tp8_sl5.0_p40_h168,momentum,45,68,8,5,40,168
acc_970,mom_e45_x68_tp12_sl1.0_p60_h168,momentum,45,68,12,1,60,168
acc_971,mom_e45_x68_tp15_sl2.0_p10_h336,momentum,45,68,15,2,10,336
acc_972,mom_e45_x72_tp2_sl3.0_p30_h720,momentum,45,72,2,3,30,720
acc_973,mom_e45_x72_tp3_sl5.0_p60_h0,momentum,45,72,3,5,60,0
acc_974,mom_e45_x72_tp5_sl1.5_p10_h0,momentum,45,72,5,1.5,10,0
acc_975,mom_e45_x72_tp6_sl2.0_p30_h72,momentum,45,72,6,2,30,72
acc_976,mom_e45_x72_tp8_sl3.0_p50_h168,momentum,45,72,8,3,50,168
acc_977,mom_e45_x72_tp10_sl5.0_p80_h168,momentum,45,72,10,5,80,168
acc_978,mom_e45_x72_tp15_sl1.5_p20_h336,momentum,45,72,15,1.5,20,336
acc_979,mom_e45_x76_tp2_sl2.0_p40_h720,momentum,45,76,2,2,40,720
acc_980,mom_e45_x76_tp3_sl3.0_p80_h0,momentum,45,76,3,3,80,0
acc_981,mom_e45_x76_tp5_sl1.0_p20_h0,momentum,45,76,5,1,20,0
acc_982,mom_e45_x76_tp6_sl1.5_p40_h72,momentum,45,76,6,1.5,40,72
acc_983,mom_e45_x76_tp8_sl2.0_p60_h168,momentum,45,76,8,2,60,168
acc_984,mom_e45_x76_tp10_sl5.0_p10_h168,momentum,45,76,10,5,10,168
acc_985,mom_e45_x76_tp15_sl1.0_p30_h336,momentum,45,76,15,1,30,336
acc_986,mom_e45_x80_tp2_sl1.5_p50_h720,momentum,45,80,2,1.5,50,720
acc_987,mom_e45_x80_tp3_sl3.0_p10_h0,momentum,45,80,3,3,10,0
acc_988,mom_e45_x80_tp4_sl5.0_p30_h0,momentum,45,80,4,5,30,0
acc_989,mom_e45_x80_tp6_sl1.0_p50_h72,momentum,45,80,6,1,50,72
acc_990,mom_e45_x80_tp8_sl1.5_p80_h168,momentum,45,80,8,1.5,80,168
acc_991,mom_e45_x80_tp10_sl3.0_p20_h336,momentum,45,80,10,3,20,336
acc_992,mom_e45_x80_tp12_sl5.0_p40_h336,momentum,45,80,12,5,40,336
acc_993,mom_e45_x85_tp2_sl1.0_p60_h720,momentum,45,85,2,1,60,720
acc_994,mom_e45_x85_tp3_sl2.0_p20_h0,momentum,45,85,3,2,20,0
acc_995,mom_e45_x85_tp4_sl3.0_p40_h0,momentum,45,85,4,3,40,0
acc_996,mom_e45_x85_tp5_sl5.0_p60_h72,momentum,45,85,5,5,60,72
acc_997,mom_e45_x85_tp8_sl1.5_p10_h168,momentum,45,85,8,1.5,10,168
acc_998,mom_e45_x85_tp10_sl2.0_p30_h336,momentum,45,85,10,2,30,336
acc_999,mom_e45_x85_tp12_sl3.0_p50_h336,momentum,45,85,12,3,50,336
acc_1000,mom_e45_x85_tp15_sl5.0_p80_h720,momentum,45,85,15,5,80,720
