date,acc_124,acc_450,acc_296,acc_317,acc_122,acc_399,acc_060,acc_079,acc_100,acc_500,hodl
2026-07-29,10000.0,10000.0,10000.0,10000.0,10000.0,10000.0,10000.0,10000.0,10000.0,10000.0,12319.69
2026-07-29,10000.0,10000.0,10000.0,10000.0,10000.0,10000.0,10000.0,10000.0,10000.0,10000.0,12319.69
2026-07-29,10000.0,10000.0,10000.0,10000.0,10000.0,10000.0,10000.0,10000.0,10000.0,10000.0,12319.69
2026-07-29,10000.0,10000.0,10000.0,10000.0,10000.0,10000.0,10000.0,10000.0,10000.0,10000.0,12319.69
2026-07-29,10000.0,10000.0,10000.0,10000.0,10000.0,10000.0,10000.0,10000.0,10000.0,10000.0,12319.69
2026-07-29,10000.0,10000.0,10000.0,10000.0,10000.0,10000.0,10000.0,10000.0,10000.0,10000.0,12319.69
2026-07-29,10000.0,10000.0,10000.0,10000.0,10000.0,10000.0,10000.0,10000.0,10000.0,10000.0,12319.69
2026-07-29,10000.0,10000.0,10000.0,10000.0,10000.0,10000.0,10000.0,10000.0,10000.0,10000.0,12319.69
2026-07-29,10000.0,10000.0,10000.0,10000.0,10000.0,10000.0,10000.0,10000.0,10000.0,10000.0,12319.69
2026-07-29,10000.0,10000.0,10000.0,10000.0,10000.0,10000.0,10000.0,10000.0,10000.0,10000.0,12319.69
2026-07-29,10000.0,10000.0,10000.0,10000.0,10000.0,10000.0,10000.0,10000.0,10000.0,10000.0,12319.69
2026-07-29,10000.0,10000.0,10000.0,10000.0,10000.0,10000.0,10000.0,10000.0,10000.0,10000.0,12319.69
2026-07-29,10000.0,10000.0,10000.0,10000.0,10000.0,10000.0,10000.0,10000.0,10000.0,10000.0,12319.69
2026-07-29,10000.0,10000.0,10000.0,10000.0,10000.0,10000.0,10000.0,10000.0,10000.0,10000.0,12319.69
2026-07-29,10000.0,10000.0,10000.0,10000.0,10000.0,10000.0,10000.0,10000.0,10000.0,10000.0,12319.69
2026-07-30,10000.0,9946.68,9954.62,9950.51,10000.0,9946.68,10000.0,10000.0,10000.0,9941.45,12319.69
2026-07-30,10000.0,10009.01,10012.39,10013.17,10000.0,10009.01,10000.0,10000.0,10000.0,9980.02,12319.69
2026-07-30,10000.0,10031.87,10033.56,10035.12,10000.0,10031.87,10000.0,10000.0,10000.0,10020.92,12319.69
2026-07-30,10000.0,10026.33,10024.26,10027.66,10000.0,10026.33,10000.0,10000.0,10000.0,10002.88,12319.69
2026-07-30,10000.0,9993.14,9988.47,9990.67,10000.0,9993.14,10000.0,10000.0,10000.0,9954.1,12319.69
2026-07-30,10000.0,10005.32,10006.17,10007.89,10000.0,10005.32,10000.0,10000.0,10000.0,9991.47,12319.69
2026-07-30,10000.0,9976.97,9977.37,9978.7,10000.0,9976.97,10000.0,10000.0,10000.0,9921.68,12319.69
2026-07-30,9988.02,9952.46,9957.43,9955.91,9992.51,9952.46,10000.0,9991.01,9988.02,9922.17,12319.69
2026-07-30,9988.02,10003.34,10004.06,10005.46,9992.51,10003.34,10000.0,9991.01,9988.02,9996.18,12319.69
2026-07-30,9988.02,10019.26,10024.72,10025.37,9992.51,10019.26,10000.0,9991.01,9988.02,10003.53,12319.69
2026-07-30,9988.02,10050.2,10049.26,10053.99,9992.51,10050.2,10000.0,9991.01,9988.02,10021.16,12319.69
2026-07-30,9988.02,10050.2,10049.26,10053.99,9992.51,10050.2,10000.0,9991.01,9988.02,10021.16,12319.69
2026-07-30,10262.66,10064.77,10072.7,10075.44,10164.15,10064.77,10000.0,10196.99,10262.66,10065.05,12319.69
2026-07-30,10288.56,10059.06,10069.44,10070.05,10180.33,10059.06,10000.0,10125.77,10288.56,10066.72,12319.69
2026-07-30,10151.84,10104.49,10109.52,10114.1,10094.89,10104.49,10000.0,10125.77,10151.84,10122.72,12319.69
2026-07-30,10151.84,10049.63,10068.48,10063.89,10094.89,10049.63,10000.0,10125.77,10151.84,10123.51,12319.69
2026-07-30,10151.84,10062.86,10070.2,10072.71,10094.89,10062.86,10000.0,10125.77,10151.84,10073.62,12319.69
2026-07-30,10151.84,10062.6,10075.75,10077.29,10094.89,10062.6,10000.0,10125.77,10151.84,10095.45,12319.69
2026-07-30,10278.32,10079.5,10088.57,10084.52,10173.94,10079.5,10000.0,10125.77,10278.32,10081.52,12319.69
2026-07-30,10095.22,10027.79,10044.37,10036.95,10059.51,10027.79,10000.0,10125.77,10095.22,10090.72,12319.69
2026-07-30,10095.22,10048.18,10067.73,10055.78,10059.51,10048.18,10000.0,10125.77,10095.22,10077.42,12319.69
2026-07-30,10095.22,10042.52,10055.84,10053.04,10059.51,10042.52,10000.0,10125.77,10095.22,10088.24,12319.69
2026-07-30,10095.22,10050.31,10054.17,10056.05,10059.51,10050.31,10000.0,10125.77,10095.22,10027.55,12319.69
2026-07-30,10095.22,10072.35,10073.62,10077.2,10059.51,10072.35,10000.0,10125.77,10095.22,10068.17,12319.69
2026-07-30,10095.22,10029.21,10048.79,10039.24,10059.51,10029.21,10000.0,10125.77,10095.22,10057.16,12319.69
2026-07-31,10095.22,10050.44,10066.65,10059.12,10059.51,10050.44,10000.0,10125.77,10095.22,10102.93,12319.69
2026-07-31,10095.22,10034.84,10048.73,10042.6,10059.51,10034.84,10000.0,10125.77,10095.22,10082.23,12319.69
2026-07-31,10095.22,10003.85,10024.44,10016.09,10059.51,10003.85,10000.0,10125.77,10095.22,10066.2,12319.69
2026-07-31,10095.22,10012.53,10024.31,10024.27,10059.51,10012.53,10000.0,10125.77,10095.22,10042.68,12319.69
2026-07-31,10095.22,9999.92,10015.76,10011.31,10059.51,9999.92,10000.0,10125.77,10095.22,10018.93,12319.69
2026-07-31,10254.83,10008.23,10025.66,10018.92,10159.26,10008.23,10000.0,10125.77,10254.83,10070.92,12319.69
2026-07-31,10254.83,10011.83,10031.83,10023.86,10159.26,10011.83,10000.0,10125.77,10254.83,10064.74,12319.69
2026-07-31,10254.83,9961.13,9986.94,9975.05,10159.26,9961.13,10000.0,10125.77,10254.83,10010.38,12319.69
2026-07-31,10254.83,9961.13,9986.94,9975.05,10159.26,9961.13,10000.0,10125.77,10254.83,10010.38,12319.69
2026-07-31,10254.83,9926.65,9968.7,9947.0,10159.26,9926.65,10000.0,10125.77,10254.83,10021.17,12319.69
2026-07-31,10254.83,9923.31,9956.92,9939.72,10159.26,9923.31,10000.0,10125.77,10254.83,9994.36,12319.69
2026-07-31,10254.83,9936.48,9966.42,9950.47,10159.26,9936.48,10000.0,10125.77,10254.83,9989.84,12319.69
2026-07-31,10252.43,9902.86,9934.76,9919.92,10157.75,9902.86,10000.0,10125.77,10252.43,9971.75,12319.69
2026-07-31,10252.43,9843.3,9888.36,9864.43,10157.75,9843.3,10000.0,10125.77,10252.43,9932.13,12319.69
2026-07-31,10252.43,9829.64,9876.03,9852.35,10157.75,9829.64,10000.0,10125.77,10252.43,9941.92,12319.69
2026-07-31,10252.43,9777.12,9833.07,9805.53,10157.75,9777.12,10000.0,10125.77,10252.43,9912.4,12319.69
2026-07-31,10251.29,9790.83,9837.05,9820.15,10155.98,9790.83,10000.0,10125.77,10252.43,9906.57,12319.69
2026-07-31,10272.95,9808.31,9859.82,9836.38,10172.87,9808.31,10000.0,10125.77,10270.49,9946.37,12319.69
2026-07-31,10275.33,9833.08,9880.14,9861.25,10176.58,9833.08,10000.0,10125.77,10270.49,9958.64,12319.69
2026-07-31,10097.66,9838.68,9886.75,9863.06,10068.95,9838.68,10000.0,10125.77,10089.2,9941.65,12319.69
2026-07-31,10090.13,9804.63,9860.39,9833.29,10057.19,9804.63,10000.0,10125.77,10089.2,9900.8,12319.69
2026-07-31,10323.25,9803.47,9855.38,9829.97,10204.59,9803.47,10000.0,10125.77,10320.48,9880.81,12319.69
2026-07-31,10327.39,9818.27,9858.58,9842.1,10211.06,9818.27,10000.0,10125.77,10320.48,9869.16,12319.69
2026-07-31,10326.47,9818.16,9865.61,9842.64,10209.62,9818.16,10000.0,10125.77,10320.48,9911.77,12319.69
2026-07-31,10324.63,9805.45,9849.06,9830.73,10206.75,9805.45,10000.0,10125.77,10320.48,9896.19,12319.69
2026-08-01,10325.65,9820.02,9871.92,9845.62,10208.34,9820.02,10000.0,10125.77,10320.48,9928.06,12319.69
2026-08-01,10328.43,9833.16,9884.91,9857.47,10212.68,9833.16,10000.0,10125.77,10320.48,9940.36,12319.69
2026-08-01,10329.28,9841.37,9893.15,9866.25,10214.0,9841.37,10000.0,10125.77,10320.48,9951.78,12319.69
2026-08-01,10393.21,9838.76,9885.51,9861.53,10255.16,9838.76,10000.0,10125.77,10383.12,9890.76,12319.69
2026-08-01,10390.79,9823.03,9875.46,9847.33,10251.38,9823.03,10000.0,10125.77,10383.12,9942.08,12319.69
2026-08-01,10315.62,9822.72,9876.1,9846.51,10203.4,9822.72,10000.0,10125.77,10309.04,9923.41,12319.69
2026-08-01,10318.06,9836.2,9888.59,9858.77,10233.3,9836.2,10163.84,10250.19,10341.82,9934.4,12319.69
2026-08-01,10189.83,9844.49,9894.27,9866.48,10154.35,9844.49,10163.84,10250.19,10212.33,9928.76,12319.69
2026-08-01,10115.6,9836.01,9876.73,9857.32,10108.94,9836.01,10163.84,10250.19,10137.04,9921.52,12319.69
2026-08-01,10107.52,9816.67,9866.13,9844.37,10096.34,9816.67,10163.84,10250.19,10137.04,9905.44,12319.69
2026-08-01,10113.48,9841.94,9883.08,9868.29,10105.64,9841.94,10163.84,10250.19,10137.04,9904.64,12319.69
2026-08-01,10200.44,9852.93,9888.01,9880.19,10162.45,9852.93,10163.84,10250.19,10221.36,9919.97,12319.69
2026-08-01,10029.69,9835.28,9876.24,9862.35,10013.98,9835.28,9935.25,10076.59,10010.6,9914.29,12319.69
2026-08-01,10026.47,9823.74,9867.52,9852.5,10008.96,9823.74,9935.25,10076.59,10010.6,9918.31,12319.69
2026-08-01,10027.42,9825.25,9863.96,9853.57,10010.45,9825.25,9935.25,10076.59,10010.6,9896.08,12319.69
2026-08-01,10158.77,9838.79,9874.46,9861.84,10135.18,9838.79,10163.84,10250.19,10181.01,9907.72,12319.69
2026-08-01,10082.01,9816.81,9860.23,9843.4,10082.45,9816.81,10163.84,10250.19,10109.34,9904.9,12319.69
2026-08-01,10080.55,9794.74,9833.25,9819.06,10080.17,9794.74,10163.84,10250.19,10109.34,9820.58,12319.69
2026-08-01,10216.01,9698.21,9738.6,9726.1,10148.54,9698.21,10139.78,10231.92,10253.29,9703.61,12319.69
2026-08-01,10221.95,9672.85,9780.14,9763.77,10106.93,9739.36,9797.24,9973.3,10184.75,9734.02,12319.69
2026-08-01,10228.67,9697.6,9782.08,9776.21,10099.94,9755.73,9797.24,9981.74,10184.75,9746.84,12319.69
2026-08-01,10230.85,9706.56,9806.1,9803.07,10106.9,9781.85,9797.24,9994.46,10184.75,9784.08,12319.69
2026-08-01,10231.32,9708.78,9821.76,9812.77,10110.84,9792.18,9797.24,9985.81,10184.75,9770.25,12319.69
2026-08-01,10228.08,9694.97,9808.43,9804.02,10104.39,9780.13,9797.24,9999.41,10184.75,9799.3,12319.69
2026-08-02,10232.21,9711.83,9832.98,9824.03,10111.73,9801.58,9797.24,10006.59,10184.75,9834.19,12319.69
2026-08-02,10313.31,9726.74,9852.63,9844.08,10168.27,9823.93,9797.24,10005.64,10261.85,9835.68,12319.69
2026-08-02,10321.39,9778.63,9916.23,9908.12,10187.15,9888.69,10163.75,10313.99,10335.18,9937.14,12319.69
2026-08-02,10322.52,9786.48,9929.63,9917.77,10189.55,9897.87,10163.75,10320.97,10335.18,9966.68,12319.69
2026-08-02,10021.77,9795.81,9939.48,9929.18,10004.78,9911.39,9818.12,10029.8,9961.86,9974.29,12319.69
2026-08-02,10016.77,9770.0,9931.06,9917.15,9996.92,9895.43,9818.12,10029.8,9961.86,9998.12,12319.69
2026-08-02,10275.99,9790.91,9929.17,9914.03,10158.59,9894.14,10158.68,10288.44,10286.58,9996.25,12319.69
2026-08-02,10182.44,9794.12,9929.78,9915.43,10160.48,9897.23,10158.68,10288.44,10191.71,9986.86,12319.69
2026-08-02,10172.76,9746.22,9886.46,9873.52,9985.72,9850.02,10158.68,10288.44,10191.71,9952.38,12319.69
2026-08-02,10175.42,9769.86,9917.87,9899.32,9993.83,9876.29,10158.68,10288.44,10191.71,9980.45,12319.69
2026-08-02,10174.21,9751.36,9909.96,9890.37,9990.75,9866.58,10158.68,10288.44,10191.71,9974.32,12319.69
2026-08-02,10172.48,9754.83,9876.84,9858.71,9983.88,9836.7,9797.24,10013.94,10119.39,9904.35,12319.69
2026-08-02,10174.42,9762.95,9877.05,9863.97,10070.6,9844.23,9797.24,10013.94,10119.39,9873.98,12319.69
2026-08-02,10165.64,9737.12,9868.13,9845.7,10056.62,9816.93,9797.24,10013.94,10119.39,9932.85,12319.69
2026-08-02,10163.79,9723.13,9857.0,9830.28,10160.75,9803.67,10077.9,10227.09,10175.55,9905.63,12319.69
2026-08-02,10171.85,9755.57,9895.82,9872.54,10040.07,9846.59,10077.9,10227.09,10175.55,9957.43,12319.69
2026-08-02,10173.14,9750.39,9903.49,9876.06,10042.66,9851.97,10077.9,10227.09,10175.55,9953.81,12319.69
2026-08-02,10167.98,9741.88,9883.36,9859.97,10033.27,9831.67,10077.9,10227.09,10175.55,9971.4,12319.69
2026-08-02,10167.04,9735.12,9903.17,9870.51,10036.62,9842.4,10077.9,10227.09,10175.55,9959.79,12319.69
2026-08-02,10176.02,9755.99,9916.55,9894.5,10049.07,9872.48,10077.9,10227.09,10175.55,9969.15,12319.69
2026-08-02,10169.95,9741.08,9913.97,9895.12,10042.52,9866.47,10077.9,10227.09,10175.55,10004.04,12319.69
2026-08-02,10177.56,9764.24,9937.17,9921.67,10055.75,9897.96,10077.9,10227.09,10175.55,9992.09,12319.69
2026-08-02,10176.97,9760.03,9933.88,9912.03,10053.05,9888.92,10077.9,10227.09,10175.55,9999.87,12319.69
2026-08-02,10169.85,9733.01,9900.45,9876.32,10040.72,9851.1,10077.9,10227.09,10175.55,9941.44,12319.69
2026-08-03,10172.37,9746.98,9906.16,9885.89,10044.06,9861.42,10077.9,10227.09,10175.55,9962.05,12319.69
2026-08-03,10169.79,9738.98,9883.93,9864.27,10037.62,9839.25,10077.9,10227.09,10175.55,9928.33,12319.69
2026-08-03,10167.9,9724.48,9872.88,9850.08,10033.34,9826.21,10077.9,10227.09,10175.55,9922.31,12319.69
2026-08-03,10162.44,9699.45,9844.58,9820.65,10022.05,9794.46,10077.9,10227.09,10175.55,9907.93,12319.69
2026-08-03,10160.21,9692.77,9827.64,9803.56,10015.93,9776.06,10077.9,10227.09,10175.55,9902.38,12319.69
2026-08-03,10160.67,9697.65,9842.38,9819.8,10020.35,9791.73,10077.9,10227.09,10175.55,9903.55,12319.69
2026-08-03,10155.85,9661.89,9809.96,9785.21,10009.32,9756.85,10077.9,10227.09,10175.55,9869.4,12319.69
2026-08-03,10195.59,9680.76,9819.41,9793.87,10018.7,9766.64,10077.9,10227.09,10175.55,9875.65,12319.69
2026-08-03,10218.73,9670.44,9795.65,9774.1,10016.14,9746.86,9981.57,10153.93,10156.27,9845.93,12319.69
2026-08-03,10260.7,9711.95,9845.81,9821.52,9933.33,9796.39,9981.57,10153.93,10156.27,9901.07,12319.69
2026-08-03,10260.7,9711.95,9845.81,9821.52,9933.33,9796.39,9981.57,10153.93,10156.27,9901.07,12319.69
2026-08-03,10224.51,9694.69,9826.63,9797.05,10052.66,9773.31,9981.57,10126.4,10079.33,9879.66,12319.69
2026-08-03,10240.78,9682.02,9804.64,9773.76,10047.47,9748.23,9976.97,10123.03,10069.93,9853.78,12319.69
2026-08-03,10208.8,9661.92,9787.56,9761.07,10037.23,9729.07,9963.91,10103.14,10014.35,9837.52,12319.69
2026-08-03,10311.49,9746.89,9858.05,9836.84,10082.9,9816.33,9973.56,10117.83,10055.39,9905.38,12319.69
2026-08-03,10287.1,9818.02,9947.26,9936.32,10110.76,9921.79,9992.65,10146.9,10136.62,9986.23,12319.69
2026-08-03,10310.21,9785.18,9902.47,9884.59,10100.23,9865.76,9963.3,10102.22,10011.79,9982.28,12319.69
2026-08-03,10302.64,9822.42,9931.24,9910.07,10114.17,9896.13,9943.0,10071.32,9925.43,9980.84,12319.69
2026-08-03,10253.33,9818.15,9941.21,9928.4,10113.65,9913.44,9987.22,10138.64,10113.53,9997.45,12319.69
2026-08-03,10217.73,9832.33,9942.06,9920.37,10105.31,9904.67,9966.12,10106.51,10023.76,10045.46,12319.69
2026-08-03,10235.81,9828.92,9945.07,9923.22,10108.66,9907.54,9995.26,10150.88,10147.73,10045.45,12319.69
2026-08-03,10237.11,9821.61,9916.58,9903.66,10105.61,9889.46,9975.57,10120.89,10063.94,9953.9,12319.69
2026-08-03,10236.55,9775.71,9902.03,9876.58,10089.72,9854.75,9975.57,10120.89,10063.94,9957.52,12319.69
2026-08-03,10191.44,9763.79,9900.5,9873.37,10081.23,9850.71,9926.12,10045.61,9853.61,9996.65,12319.69
2026-08-03,10176.53,9763.56,9881.7,9862.02,10078.54,9841.6,9908.23,10018.38,9777.52,9929.75,12319.69
2026-08-04,10193.31,9764.39,9885.43,9861.01,10081.11,9841.28,9960.09,9991.8,9703.25,9946.06,12319.69
2026-08-04,10138.88,9794.07,9924.7,9897.25,10083.97,9877.25,9896.97,9991.8,9703.25,10021.45,12319.69
2026-08-04,10159.2,9818.71,9949.91,9928.13,10100.17,9912.45,9879.64,9991.8,9703.25,10016.81,12319.69
2026-08-04,10137.39,9783.87,9913.12,9887.34,10084.01,9870.48,9879.64,9991.8,9703.25,9969.74,12319.69
2026-08-04,10204.49,9819.49,9948.61,9924.76,10107.28,9911.78,9879.64,9991.8,9703.25,10005.0,12319.69
2026-08-04,10175.97,9807.81,9936.97,9912.21,10096.71,9896.23,10100.15,10159.26,9747.37,10020.97,12319.69
2026-08-04,10050.71,9789.42,9900.12,9876.65,10072.72,9863.45,10005.87,10087.66,9728.51,9910.97,12319.69
2026-08-04,10126.02,9761.04,9886.98,9864.05,10070.58,9842.95,10005.87,10087.66,9728.51,9978.4,12319.69
2026-08-04,10106.63,9766.4,9893.9,9866.54,10070.17,9846.66,10005.87,10087.66,9728.51,9970.7,12319.69
2026-08-04,10086.13,9754.8,9885.57,9858.92,9996.13,9839.13,10005.87,10087.66,9728.51,9956.24,12319.69
2026-08-04,10127.2,9764.84,9874.01,9855.3,10004.27,9839.25,10005.87,10087.66,9728.51,9908.64,12319.69
2026-08-04,10158.42,9786.03,9927.34,9903.84,10005.93,9885.96,10005.87,10087.66,9728.51,9995.01,12319.69
2026-08-04,10124.5,9751.06,9903.84,9874.22,9987.17,9851.41,10005.87,10078.59,9716.85,9995.33,12319.69
2026-08-04,10095.09,9769.91,9878.55,9858.09,9996.23,9838.34,10005.87,10096.81,9740.27,9973.4,12319.69
2026-08-04,10067.27,9773.15,9911.34,9885.02,10009.27,9866.87,10005.87,10107.28,9753.73,10009.0,12319.69
2026-08-04,10055.71,9773.47,9905.12,9883.8,9963.35,9863.61,10005.87,10052.64,9683.47,10009.48,12319.69
2026-08-04,10032.78,9755.3,9894.15,9867.75,9958.12,9849.22,10005.87,10052.64,9683.47,9934.2,12319.69
2026-08-04,10059.81,9774.11,9908.68,9884.31,9968.42,9869.11,10005.87,10052.64,9683.47,9977.88,12319.69
2026-08-04,10119.08,9804.77,9912.81,9891.36,9983.61,9880.8,10005.87,10052.64,9683.47,9965.03,12319.69
2026-08-04,10093.92,9784.09,9908.0,9891.41,9974.55,9875.23,10005.87,10052.64,9683.47,9961.1,12319.69
2026-08-04,10202.59,9807.78,9931.86,9911.13,9998.65,9899.7,10005.87,10052.64,9683.47,10020.03,12319.69
2026-08-04,10137.72,9786.02,9909.95,9896.68,9985.54,9884.83,10005.87,10052.64,9683.47,9959.41,12319.69
2026-08-04,10167.73,9786.05,9911.87,9897.9,9988.66,9885.05,10005.87,10052.64,9683.47,9990.85,12319.69
2026-08-04,10167.73,9754.15,9887.23,9860.96,9974.0,9844.48,10005.87,10052.64,9683.47,9977.01,12319.69
2026-08-05,10084.23,9763.37,9898.52,9869.79,9969.34,9857.14,10005.87,10052.64,9683.47,9953.92,12319.69
2026-08-05,10278.81,9790.53,9947.22,9915.03,10122.93,9903.08,10005.87,10199.7,9872.59,10029.26,12319.69
2026-08-05,10326.17,9822.98,9954.06,9929.6,10156.51,9918.45,10005.87,10128.85,9908.31,10041.45,12319.69
2026-08-05,10316.55,9791.01,9916.75,9895.46,10142.51,9884.79,10005.87,10128.85,9908.31,9974.72,12319.69
2026-08-05,10316.64,9793.58,9932.22,9902.47,10145.29,9892.51,10005.87,10128.85,9908.31,10000.64,12319.69
2026-08-05,10458.49,9780.61,9932.61,9905.36,10161.72,9891.99,10005.87,10128.85,9908.31,10022.92,12319.69
2026-08-05,10402.95,9801.11,9936.42,9913.72,10159.96,9903.58,10005.87,10128.85,9908.31,10009.94,12319.69
2026-08-05,10263.8,9801.22,9936.46,9908.71,10063.06,9899.41,10005.87,10128.85,9777.74,9964.95,12319.69
2026-08-05,10324.01,9789.68,9944.08,9913.99,10070.07,9902.68,10005.87,10128.85,9777.74,10017.2,12319.69
2026-08-05,10382.7,9805.72,9953.7,9924.59,10162.6,9912.7,10005.87,10128.85,9914.16,10030.68,12319.69
2026-08-05,10372.08,9790.42,9939.55,9911.63,10158.0,9899.88,10005.87,10128.85,9914.16,10003.17,12319.69
2026-08-05,10378.24,9794.87,9934.02,9905.92,10158.06,9895.69,10005.87,10128.85,9914.16,9992.13,12319.69
2026-08-05,10358.67,9805.81,9951.08,9928.79,10163.75,9918.97,10005.87,10128.85,9914.16,9979.57,12319.69
2026-08-05,10356.06,9794.7,9947.51,9926.71,10162.12,9917.21,10005.87,10128.85,9914.16,10000.0,12319.69
2026-08-05,10359.79,9815.44,9957.26,9931.43,10163.58,9921.12,10005.87,10128.85,9914.16,10015.15,12319.69
2026-08-05,10367.24,9780.84,9925.24,9897.79,10149.8,9883.59,10005.87,10128.85,9914.16,10009.46,12319.69
2026-08-05,10406.4,9818.28,9982.77,9961.86,10188.7,9951.15,10005.87,10128.85,9932.31,10045.57,12319.69
2026-08-05,10386.17,9801.08,9990.53,9964.93,10211.08,9951.86,10005.87,10128.85,9975.64,10032.65,12319.69
2026-08-05,10358.03,9798.51,9997.4,9977.9,10208.6,9963.59,10005.87,10128.85,9975.64,10055.57,12319.69
2026-08-05,10301.55,9808.35,10013.02,9990.58,10188.94,9980.35,10005.87,10128.85,9941.09,10022.85,12319.69
2026-08-05,10330.44,9815.95,9994.48,9977.72,10186.4,9963.19,10005.87,10128.85,9941.09,10050.06,12319.69
2026-08-05,10203.88,9835.19,9993.7,9976.24,10174.08,9966.78,10005.87,10128.85,9941.09,10022.08,12319.69
2026-08-05,10203.88,9818.13,9970.85,9955.54,10165.62,9943.59,10005.87,10128.85,9941.09,9991.62,12319.69
2026-08-05,10244.22,9780.29,9947.2,9929.52,10160.25,9917.09,10005.87,10128.85,9941.09,9979.33,12319.69
2026-08-06,10245.15,9822.77,10003.92,9986.83,10182.65,9979.78,10005.87,10128.85,9941.09,10021.85,12319.69
2026-08-06,10249.56,9827.84,9992.91,9978.1,10198.81,9971.6,10005.87,10128.85,9969.78,9981.18,12319.69
2026-08-06,10220.33,9816.16,9973.82,9963.63,10183.9,9958.73,10005.87,10128.85,9955.73,9943.22,12319.69
2026-08-06,10152.78,9810.62,9966.68,9952.37,10092.37,9942.75,10005.87,10128.85,9827.51,9939.78,12319.69
2026-08-06,10155.95,9830.94,10002.56,9990.4,10105.64,9984.5,10005.87,10128.85,9827.51,9985.17,12319.69
2026-08-06,10210.56,9831.13,10014.47,10004.61,10118.55,10000.47,10005.87,10189.83,9843.09,10002.54,12319.69
2026-08-06,10297.41,9858.17,10021.61,10009.34,10279.15,10003.27,10005.87,9891.53,10009.84,9999.83,12319.69
2026-08-06,10990.61,9819.84,9995.24,9977.14,10314.51,9965.52,10005.87,10669.16,10303.76,9991.83,12319.69
2026-08-06,10901.33,9839.93,9997.4,9994.79,10304.55,9993.69,10005.87,10591.5,10234.73,9926.34,12319.69
2026-08-06,10901.33,9824.64,9986.31,9974.68,10289.67,9972.85,10005.87,10604.76,10238.12,9928.34,12319.69
2026-08-06,10901.33,9823.28,9989.17,9979.09,10280.06,9974.06,10005.87,10583.93,10232.8,9933.08,12319.69
2026-08-06,10830.79,9827.88,9993.21,9981.89,10167.15,9978.55,10005.87,10425.78,10011.46,9948.04,12319.69
2026-08-06,10775.67,9804.62,9946.02,9938.13,10248.8,9933.54,10005.87,10389.79,10150.4,9888.21,12319.69
2026-08-06,10844.03,9771.49,9930.26,9918.88,10242.68,9907.93,10084.37,10500.66,10176.29,9861.03,12319.69
2026-08-06,10923.93,9790.87,9952.12,9941.61,10250.18,9931.61,10190.14,10492.68,10170.97,9918.13,12319.69
2026-08-06,10979.86,9822.13,9983.01,9971.83,10262.44,9967.37,10264.18,10641.83,10206.78,9903.63,12319.69
2026-08-06,11170.55,9837.85,10004.31,9998.15,10276.49,9993.21,10490.99,10716.98,10195.89,9942.03,12319.69
2026-08-06,11170.55,9841.31,9990.08,9988.77,10275.82,9984.52,10393.41,10788.85,10224.69,9906.04,12319.69
2026-08-06,10997.43,9817.3,9950.76,9942.87,10250.9,9935.14,10393.41,11262.35,10345.69,9875.33,12319.69
2026-08-06,11002.05,9813.44,9932.29,9933.38,10257.17,9929.23,10393.41,11180.71,10338.88,9802.2,12319.69
2026-08-06,11002.05,9827.76,9959.15,9959.63,10253.21,9954.59,10393.41,11180.71,10338.88,9867.52,12319.69
2026-08-06,11002.05,9827.01,9959.53,9953.87,10243.81,9948.86,10393.41,11180.71,10338.88,9871.8,12319.69
2026-08-06,11002.05,9802.7,9925.19,9915.32,10220.33,9908.36,10393.41,11180.71,10338.88,9823.14,12319.69
2026-08-06,11002.05,9827.88,9944.23,9937.9,10229.11,9930.82,10393.41,11180.71,10338.88,9812.26,12319.69
2026-08-07,11018.03,9833.05,9962.4,9953.34,10232.09,9945.1,10393.41,11180.71,10338.88,9867.87,12319.69
2026-08-07,11000.59,9823.85,9961.69,9952.76,10137.84,9948.59,10393.41,11180.71,10194.85,9866.01,12319.69
2026-08-07,10992.1,9849.2,9966.89,9959.53,10134.95,9956.15,10393.41,11180.71,10194.85,9853.41,12319.69
2026-08-07,10933.09,9832.68,9950.01,9939.1,10118.39,9932.14,10393.41,11120.04,10179.04,9859.54,12319.69
2026-08-07,10800.87,9830.29,9944.82,9939.5,10121.75,9933.23,10405.82,11139.95,10184.23,9863.63,12319.69
2026-08-07,10870.67,9839.69,9944.0,9940.88,10113.64,9934.79,10311.81,11064.68,10164.62,9825.69,12319.69
2026-08-07,10906.27,9834.9,9957.79,9964.19,10187.12,9955.49,10379.53,11118.9,10301.7,9861.06,12319.69
2026-08-07,10910.71,9815.84,9954.4,9952.6,10183.83,9946.62,10376.22,11116.25,10301.01,9882.12,12319.69
2026-08-07,10869.87,9846.08,9982.59,9983.83,10193.59,9977.33,10393.74,11130.28,10304.66,9901.33,12319.69
2026-08-07,10871.65,9863.85,10007.78,10009.08,10203.39,10006.37,10370.54,11111.7,10299.82,9952.97,12319.69
2026-08-07,10837.34,9854.88,10008.19,10009.44,10203.22,10006.18,10411.98,11144.88,10308.47,9956.65,12319.69
2026-08-07,10873.74,9897.55,10023.68,10022.47,10211.35,10021.72,10457.44,11181.28,10317.95,9958.33,12319.69
2026-08-07,10890.61,9882.79,10038.49,10041.58,10121.39,10039.36,10431.63,11160.62,10219.12,9987.71,12319.69
2026-08-07,10881.75,9896.73,10037.8,10041.01,10248.23,10037.57,10455.31,11179.58,10224.06,10013.13,12319.69
2026-08-07,10770.77,9850.32,10015.26,10009.72,10236.66,10004.66,10447.73,11173.51,10222.48,9958.78,12319.69
2026-08-07,10804.51,9867.78,10024.59,10021.82,10241.68,10018.71,10374.56,11114.92,10207.22,9998.59,12319.69
2026-08-07,10839.13,9862.0,9992.12,9990.05,10228.75,9981.52,10289.79,11047.05,10189.53,9967.3,12319.69
2026-08-07,10707.47,9859.58,9980.89,9982.29,10227.14,9974.89,10292.97,11047.57,10180.56,9881.09,12319.69
2026-08-07,10679.94,9872.48,9999.31,9998.08,10234.68,9995.76,10263.37,11023.87,10174.38,9933.37,12319.69
2026-08-07,10610.81,9902.75,10016.57,10016.42,10242.21,10015.0,10341.04,11086.06,10190.58,9944.32,12319.69
2026-08-07,10610.81,9882.97,10024.64,10023.31,10241.47,10019.34,10336.07,11082.08,10189.55,9973.15,12319.69
2026-08-07,10610.81,9857.66,9998.58,10000.45,10235.18,9998.08,10336.07,11082.08,10189.55,9903.96,12319.69
2026-08-07,10610.81,9849.8,9986.48,9986.24,10226.52,9977.39,10287.53,11043.21,10179.42,9910.32,12319.69
2026-08-07,10610.81,9873.43,10008.7,10006.83,10237.97,10003.23,10309.55,11060.84,10184.01,9915.7,12319.69
2026-08-08,10610.81,9869.45,10024.02,10024.05,10242.3,10022.31,10243.72,11008.14,10170.28,9975.62,12319.69
2026-08-08,10723.23,9883.86,10033.52,10031.54,10123.1,10029.15,10448.46,11212.73,10406.58,9998.74,12319.69
2026-08-08,10723.23,9868.37,10006.78,10010.26,10117.62,10008.91,10339.77,11093.96,10383.9,9977.44,12319.69
2026-08-08,10723.23,9884.95,10043.13,10040.53,10246.76,10036.99,10465.99,11195.02,10410.23,10037.89,12319.69
2026-08-08,10723.23,9860.69,10042.21,10032.32,10238.83,10023.77,10474.27,11201.65,10411.96,10079.34,12319.69
2026-08-08,10731.17,9895.57,10052.55,10048.19,10232.58,10043.42,10478.05,11201.84,10426.43,10028.34,12319.69
2026-08-08,10731.17,9870.57,10041.03,10031.13,10223.23,10024.11,10374.1,11118.61,10404.75,10079.92,12319.69
2026-08-08,10731.17,9882.15,10039.98,10030.98,10206.23,10022.62,10515.7,11231.99,10434.29,10084.13,12319.69
2026-08-08,10729.47,9858.41,10029.29,10020.16,10202.66,10014.45,10462.14,11189.71,10420.18,10065.75,12319.69
2026-08-08,10729.47,9862.7,10031.62,10021.99,10085.59,10016.77,10473.03,11198.43,10422.45,10071.71,12319.69
2026-08-08,10729.47,9876.28,10051.14,10043.24,10142.14,10035.73,10479.43,11203.55,10423.79,10103.52,12319.69
2026-08-08,10576.31,9874.03,10055.35,10045.19,10122.35,10037.42,10396.47,11191.79,10142.74,10134.52,12319.69
2026-08-08,10579.79,9875.6,10056.46,10043.61,10145.45,10035.25,10374.58,11173.02,10144.17,10139.05,12319.69
2026-08-08,10579.79,9855.36,10033.91,10015.79,10134.85,10004.79,10378.84,11176.43,10145.06,10117.23,12319.69
2026-08-08,10579.79,9883.79,10082.58,10061.42,10146.48,10048.42,10471.43,11250.57,10164.38,10248.47,12319.69
2026-08-08,10579.79,9858.53,10060.35,10027.48,10134.25,10013.35,10492.27,11267.25,10168.73,10221.4,12319.69
2026-08-08,10579.79,9861.27,10070.67,10038.39,10137.09,10023.77,10427.62,11215.49,10155.24,10226.34,12319.69
2026-08-08,10579.79,9901.51,10104.54,10083.17,10253.64,10071.95,10471.9,11250.95,10164.48,10262.82,12319.69
2026-08-08,10579.79,9865.33,10064.02,10037.92,10236.65,10022.12,10437.33,11223.27,10157.26,10214.32,12319.69
2026-08-08,10579.79,9903.94,10074.43,10056.2,10249.05,10047.41,10355.4,11157.66,10140.17,10195.46,12319.69
2026-08-08,10579.79,9883.29,10055.52,10038.89,10242.23,10029.65,10450.12,11233.5,10159.93,10183.4,12319.69
2026-08-08,10579.79,9857.32,10039.61,10018.59,10231.67,10004.84,10428.81,11216.44,10155.49,10183.38,12319.69
2026-08-08,10579.79,9877.72,10055.33,10036.0,10239.29,10024.94,10421.7,11210.75,10154.0,10211.37,12319.69
2026-08-08,10579.79,9880.19,10050.45,10031.44,10239.61,10020.51,10353.74,11156.34,10139.83,10177.47,12319.69
2026-08-09,10579.79,9861.6,10066.52,10041.06,10238.52,10027.72,10332.67,11139.46,10135.43,10226.19,12319.69
2026-08-09,10579.79,9876.67,10071.29,10048.14,10242.79,10035.56,10317.75,11127.52,10132.32,10207.53,12319.69
2026-08-09,10579.79,9841.26,10036.23,10012.36,10230.18,9998.66,10247.89,11071.59,10117.74,10157.52,12319.69
2026-08-09,10579.79,9867.69,10054.77,10033.17,10041.61,10019.65,10331.25,11138.32,10135.13,10202.31,12319.69
2026-08-09,10579.79,9866.54,10051.53,10026.34,10039.31,10012.58,10271.57,11090.55,10122.68,10207.56,12319.69
2026-08-09,10579.79,9853.88,10038.29,10017.73,10038.09,10006.52,10262.34,11083.15,10120.76,10166.14,12319.69
2026-08-09,10579.79,9836.26,10048.35,10016.03,10032.46,10001.08,10309.93,11121.26,10130.69,10250.95,12319.69
2026-08-09,10579.79,9856.94,10054.94,10032.83,10010.19,10016.91,10245.52,11069.69,10117.25,10241.36,12319.69
2026-08-09,10571.55,9842.89,10054.37,10024.8,10008.34,10010.9,10270.62,11089.79,10122.49,10234.95,12319.69
2026-08-09,10571.55,9852.65,10063.63,10036.72,10013.07,10021.94,10276.07,11094.15,10123.62,10215.87,12319.69
2026-08-09,10571.55,9848.04,10059.45,10033.32,10015.43,10024.08,10261.39,11082.39,10120.56,10192.89,12319.69
2026-08-09,10571.55,9854.76,10074.27,10047.51,10017.35,10036.43,10277.73,11095.48,10123.97,10259.29,12319.69
2026-08-09,10571.55,9854.28,10059.06,10034.09,10016.68,10025.92,10239.37,11064.76,10115.97,10207.07,12319.69
2026-08-09,10571.55,9885.06,10099.71,10076.93,10029.83,10069.55,10256.89,11078.79,10119.62,10265.06,12319.69
2026-08-09,10723.51,9856.61,10084.51,10051.6,10154.99,10037.13,10283.65,11100.22,10125.2,10295.34,12319.69
2026-08-09,10866.82,9905.65,10110.26,10078.51,10201.26,10066.3,10424.02,11161.46,10401.27,10338.35,12319.69
2026-08-09,10925.86,9891.41,10119.59,10091.48,10286.79,10079.04,10470.63,11214.54,10334.92,10366.26,12319.69
2026-08-09,10925.86,9875.05,10088.77,10052.07,10272.85,10036.37,10461.4,11207.15,10332.99,10307.0,12319.69
2026-08-09,10925.86,9869.65,10094.31,10062.02,10274.28,10045.76,10421.61,11175.3,10324.7,10344.67,12319.69
2026-08-09,10925.86,9867.4,10066.0,10036.53,10268.35,10021.42,10408.59,11164.87,10321.98,10283.92,12319.69
2026-08-09,10925.86,9877.08,10100.0,10068.61,10278.09,10054.24,10397.22,11155.77,10319.61,10345.49,12319.69
2026-08-09,10925.86,9878.85,10101.9,10074.52,10279.48,10059.76,10397.22,11155.77,10319.61,10339.03,12319.69
2026-08-09,10925.86,9894.88,10090.79,10062.34,10279.96,10049.0,10397.22,11155.77,10319.61,10268.82,12319.69
2026-08-09,10925.86,9861.01,10044.43,10021.3,10266.06,10008.16,10397.22,11155.77,10319.61,10230.05,12319.69
2026-08-10,10925.86,9860.78,10073.55,10045.33,10275.77,10034.56,10376.15,11138.89,10315.21,10254.93,12319.69
2026-08-10,10714.92,9867.31,10100.84,10072.69,10087.97,10060.51,10332.81,11104.2,10306.17,10307.88,12319.69
2026-08-10,10714.92,9878.74,10099.97,10075.38,10091.21,10065.43,10300.13,11078.03,10299.35,10295.44,12319.69
2026-08-10,10719.42,9861.5,10078.1,10049.97,10085.1,10037.13,10297.06,11075.57,10279.71,10274.43,12319.69
2026-08-10,10842.71,9877.02,10084.52,10059.61,10203.3,10048.81,10202.95,11133.77,10279.71,10273.74,12319.69
2026-08-10,10842.71,9874.09,10092.22,10066.9,10202.86,10053.9,10202.95,11166.58,10279.71,10304.59,12319.69
2026-08-10,10842.71,9879.55,10093.68,10073.07,10203.52,10057.23,10202.95,11227.44,10279.71,10306.96,12319.69
2026-08-10,10842.71,9873.95,10106.68,10079.91,10208.19,10068.39,10202.95,11150.34,10279.71,10318.99,12319.69
2026-08-10,10769.4,9885.28,10100.27,10074.24,10140.2,10063.72,10202.95,11150.34,10279.71,10308.01,12319.69
2026-08-10,10769.4,9856.83,10057.26,10034.89,10127.02,10023.13,10202.95,11150.34,10279.71,10256.8,12319.69
2026-08-10,10763.19,9850.81,10081.4,10051.94,10131.48,10043.19,10202.95,11150.34,10279.71,10300.47,12319.69
2026-08-10,10763.19,9868.97,10075.74,10054.72,10131.45,10041.76,10202.95,11150.34,10279.71,10283.12,12319.69
2026-08-10,10763.19,9832.92,10036.45,10006.82,10116.62,9994.14,10202.95,11150.34,10279.71,10217.42,12319.69
2026-08-10,10763.19,9822.82,10013.18,9980.24,10101.59,9958.66,10202.95,11150.34,10279.71,10248.45,12319.69
2026-08-10,10763.19,9821.44,9996.66,9966.83,10099.8,9948.49,10202.95,11150.34,10279.71,10223.37,12319.69
2026-08-10,10827.09,9795.47,9965.29,9935.32,10152.41,9919.78,10202.95,11150.34,10279.71,10146.47,12319.69
2026-08-10,10827.09,9760.39,9932.26,9894.03,10134.75,9872.25,10202.95,11150.34,10279.71,10128.65,12319.69
2026-08-10,10827.25,9781.74,9954.57,9916.09,10143.38,9897.49,10202.95,11150.34,10279.71,10160.31,12319.69
2026-08-10,10986.51,9743.92,9934.82,9891.49,10165.64,9867.19,10202.95,11150.34,10279.71,10151.33,12319.69
2026-08-10,10988.32,9780.68,9961.15,9930.55,10180.95,9908.94,10202.95,11150.34,10279.71,10166.15,12319.69
2026-08-10,10989.21,9791.24,9986.79,9949.39,10185.23,9928.69,10202.95,11150.34,10279.71,10249.48,12319.69
2026-08-10,10986.99,9780.48,9967.14,9934.03,10179.29,9912.13,10202.95,11150.34,10279.71,10237.1,12319.69
2026-08-10,10987.02,9787.89,9965.24,9932.85,10178.47,9908.5,10202.95,11150.34,10279.71,10222.5,12319.69
2026-08-10,10986.4,9743.88,9933.67,9891.94,10164.08,9864.71,10202.95,11150.34,10279.71,10158.76,12319.69
2026-08-11,10987.5,9784.2,9967.29,9929.89,10180.87,9910.06,10202.95,11150.34,10279.71,10195.07,12319.69
2026-08-11,10988.42,9784.42,9962.91,9929.16,10182.36,9910.81,10202.95,11150.34,10279.71,10159.35,12319.69
2026-08-11,10987.7,9793.97,9964.49,9927.8,10178.09,9906.11,10202.95,11150.34,10279.71,10211.46,12319.69
2026-08-11,10983.85,9806.92,9960.66,9923.65,10178.59,9903.34,10202.95,11150.34,10279.71,10213.34,12319.69
2026-08-11,10985.99,9801.11,9962.16,9924.57,10177.39,9903.06,10202.95,11150.34,10279.71,10215.98,12319.69
2026-08-11,10979.5,9797.6,9952.9,9914.45,10169.9,9892.98,10202.95,11150.34,10279.71,10194.66,12319.69
2026-08-11,11002.65,9771.86,9939.08,9905.16,10186.86,9882.06,10202.95,11150.34,10279.71,10183.39,12319.69
2026-08-11,11002.46,9739.47,9915.09,9870.9,10173.52,9845.06,10202.95,11150.34,10279.71,10152.31,12319.69
2026-08-11,10812.62,9749.84,9930.19,9888.73,10009.75,9866.99,10202.95,11184.6,10321.81,10172.85,12319.69
2026-08-11,10817.12,9761.08,9941.47,9897.6,10012.99,9876.58,10202.95,11185.91,10325.88,10156.27,12319.69
2026-08-11,10817.15,9752.23,9949.87,9904.24,10013.96,9882.24,10202.95,11182.01,10321.08,10186.82,12319.69
2026-08-11,10819.73,9760.97,9954.14,9904.5,10011.89,9879.97,10202.95,11206.3,10350.94,10192.33,12319.69
2026-08-11,10952.65,9743.91,9926.7,9871.86,10144.53,9848.3,10202.95,11249.48,10356.41,10185.88,12319.69
2026-08-11,10944.98,9717.97,9923.55,9870.54,10130.93,9846.48,10202.95,11261.47,10375.19,10140.16,12319.69
2026-08-11,10575.21,9716.31,9868.07,9823.15,9901.8,9798.8,10202.95,11035.46,10155.68,10076.49,12319.69
2026-08-11,10575.1,9694.52,9875.58,9826.04,9905.16,9805.0,10266.39,11140.12,10273.69,10073.1,12319.69
2026-08-11,10577.79,9691.58,9878.7,9831.26,9904.94,9807.98,10280.83,11173.17,10311.98,10074.62,12319.69
2026-08-11,10576.35,9709.9,9893.73,9841.48,9909.39,9818.76,10354.66,11216.55,10353.42,10100.27,12319.69
2026-08-11,10550.59,9677.01,9869.79,9815.07,9869.23,9783.86,10368.57,11211.32,10352.47,10127.78,12319.69
2026-08-11,10499.07,9717.25,9920.53,9869.16,9832.51,9839.11,10366.43,11209.73,10368.83,10148.99,12319.69
2026-08-11,10434.89,9711.27,9916.13,9861.82,9830.46,9833.25,10499.11,11234.89,10378.43,10167.01,12319.69
2026-08-11,10426.78,9714.23,9928.99,9871.4,9833.0,9842.96,10499.11,11270.83,10422.59,10216.49,12319.69
2026-08-11,10431.71,9717.81,9954.54,9894.98,9836.81,9863.05,10499.11,11272.72,10424.9,10269.5,12319.69
2026-08-11,10431.09,9714.51,9946.48,9883.95,9834.46,9852.39,10685.83,11260.13,10379.42,10238.02,12319.69
2026-08-12,10431.38,9759.06,9988.82,9925.76,9850.73,9898.59,10714.18,11294.16,10439.21,10307.18,12319.69
2026-08-12,10431.78,9760.49,9991.04,9924.06,9848.61,9895.16,10614.63,11290.59,10434.83,10322.35,12319.69
2026-08-12,10816.13,9764.32,9973.7,9916.41,10276.7,9886.35,10614.63,11460.29,10503.66,10266.84,12319.69
2026-08-12,10762.54,9755.31,9983.41,9929.53,10110.05,9903.65,10614.63,11467.5,10496.34,10281.04,12319.69
2026-08-12,10764.78,9747.19,9991.22,9931.36,10109.1,9903.45,10614.63,11451.95,10477.24,10288.87,12319.69
2026-08-12,10765.19,9750.56,9989.15,9928.64,10106.78,9899.14,10614.63,11454.57,10480.47,10294.91,12319.69
2026-08-12,10761.3,9735.87,9957.4,9907.36,10103.49,9880.52,10614.63,11452.08,10477.41,10220.25,12319.69
2026-08-12,10763.32,9739.25,9963.56,9914.19,10219.76,9887.93,10614.63,11456.73,10520.41,10227.0,12319.69
2026-08-12,10764.53,9731.58,9969.22,9914.35,9951.07,9887.93,10614.63,11446.57,10419.95,10205.49,12319.69
2026-08-12,10769.2,9754.26,9998.7,9946.04,9954.68,9913.72,10614.63,11491.99,10475.77,10302.62,12319.69
2026-08-12,10902.3,9783.09,10039.98,9983.73,10070.38,9957.04,10614.63,11479.48,10492.78,10325.44,12319.69
2026-08-12,10901.04,9773.33,10040.6,9984.82,9924.34,9961.93,10614.63,11476.65,10440.84,10325.01,12319.69
2026-08-12,10776.42,9738.6,9993.51,9939.6,9906.32,9910.9,10614.63,11432.16,10386.18,10243.51,12319.69
2026-08-12,10945.58,9735.36,9994.68,9934.48,9941.91,9908.32,10678.98,11481.19,10393.46,10264.5,12319.69
2026-08-12,10827.96,9687.62,9916.03,9857.4,9907.19,9829.56,10659.37,11424.98,10340.53,10140.15,12319.69
2026-08-12,10842.05,9711.86,9944.35,9887.23,10031.96,9857.28,10659.37,11452.7,10412.88,10195.95,12319.69
2026-08-12,10740.58,9697.89,9933.14,9872.21,10031.25,9846.02,10659.37,11399.61,10347.63,10152.07,12319.69
2026-08-12,10819.38,9695.53,9930.39,9875.78,10029.12,9845.57,10659.37,11426.39,10380.55,10154.87,12319.69
2026-08-12,10685.13,9672.03,9933.84,9870.28,10024.38,9839.06,10659.37,11398.19,10345.89,10236.59,12319.69
2026-08-12,10683.98,9652.47,9906.09,9841.36,10015.58,9809.29,10659.37,11419.19,10371.7,10171.97,12319.69
2026-08-12,10684.65,9658.95,9915.15,9855.61,10018.14,9822.0,10659.37,11398.26,10345.98,10211.73,12319.69
2026-08-12,10767.72,9623.08,9903.1,9838.84,10015.79,9807.21,10659.37,11413.13,10364.25,10135.63,12319.69
2026-08-12,10668.92,9610.23,9884.1,9830.69,10014.4,9800.52,10659.37,11403.17,10352.01,10112.58,12319.69
2026-08-12,10764.46,9616.64,9896.57,9834.66,10020.94,9797.19,10659.37,11392.27,10342.05,10190.16,12319.69
2026-08-13,10861.02,9648.98,9911.33,9858.53,10137.22,9826.94,10659.37,11401.02,10386.42,10169.33,12319.69
2026-08-13,10875.77,9647.43,9922.06,9864.9,10141.1,9835.26,10659.37,11369.66,10347.89,10149.34,12319.69
2026-08-13,10879.27,9648.14,9943.37,9891.32,10147.15,9862.52,10659.37,11367.1,10344.74,10228.01,12319.69
2026-08-13,10882.07,9666.35,9960.73,9908.99,10152.8,9880.71,10659.37,11443.75,10438.94,10245.6,12319.69
2026-08-13,10881.39,9663.05,9947.35,9896.36,9947.75,9869.81,10659.37,11431.3,10357.26,10188.83,12319.69
2026-08-13,10901.01,9669.48,9972.77,9921.38,10113.88,9895.13,10659.37,11412.53,10386.21,10255.99,12319.69
2026-08-13,10812.51,9674.27,9974.71,9927.12,10136.11,9902.44,10659.37,11409.16,10388.09,10217.42,12319.69
2026-08-13,10887.2,9647.59,9959.52,9903.2,10061.65,9871.06,10659.37,11451.02,10439.53,10269.82,12319.69
2026-08-13,10730.04,9678.7,9975.93,9918.57,10073.08,9892.7,10659.37,11439.51,10409.43,10252.0,12319.69
2026-08-13,10676.7,9673.24,9961.8,9903.55,10068.85,9876.89,10659.37,11434.53,10403.31,10213.51,12319.69
2026-08-13,10625.29,9618.06,9910.85,9845.73,10047.48,9815.52,10659.37,11398.12,10358.57,10155.29,12319.69
2026-08-13,10624.51,9633.56,9925.89,9863.77,10053.56,9834.51,10659.37,11387.96,10294.18,10196.66,12319.69
2026-08-13,10626.62,9630.1,9932.13,9872.89,10056.6,9845.15,10659.37,11379.82,10290.92,10202.33,12319.69
2026-08-13,10629.66,9654.32,9962.8,9905.82,10066.53,9877.6,10659.37,11387.96,10300.93,10250.22,12319.69
2026-08-13,10631.21,9650.64,9965.46,9908.55,10064.85,9878.45,10659.37,11425.85,10367.49,10274.46,12319.69
2026-08-13,10625.04,9624.19,9911.84,9857.48,10051.78,9828.63,10659.37,11375.71,10288.7,10163.76,12319.69
2026-08-13,10618.24,9617.62,9879.51,9829.03,10041.29,9797.69,10659.37,11394.22,10283.1,10159.58,12319.69
2026-08-13,10608.87,9604.35,9900.58,9843.7,10042.99,9810.32,10659.37,11361.18,10263.85,10193.12,12319.69
2026-08-13,10608.87,9633.01,9920.55,9869.9,10053.09,9838.35,10659.37,11408.08,10321.49,10200.52,12319.69
2026-08-13,10608.87,9624.39,9910.35,9858.26,10049.57,9827.28,10659.37,11385.61,10293.87,10204.26,12319.69
2026-08-13,10608.87,9628.84,9917.6,9860.58,10049.44,9828.95,10659.37,11419.66,10335.71,10229.98,12319.69
2026-08-13,10608.87,9603.59,9910.2,9853.32,10043.3,9817.72,10659.37,11412.8,10327.28,10212.56,12319.69
2026-08-13,10608.87,9633.0,9929.67,9875.2,10056.05,9845.6,10659.37,11406.87,10320.0,10195.88,12319.69
2026-08-13,10608.87,9641.21,9923.08,9866.51,10050.5,9832.67,10659.37,11419.73,10308.68,10246.33,12319.69
2026-08-14,10608.87,9631.54,9920.29,9865.93,10054.28,9836.96,10659.37,11387.83,10269.48,10178.2,12319.69
2026-08-14,10608.87,9646.89,9945.68,9887.05,10059.99,9857.75,10659.37,11429.35,10320.5,10227.89,12319.69
2026-08-14,10608.87,9637.57,9942.92,9878.21,10055.29,9846.95,10659.37,11434.2,10355.05,10244.52,12319.69
2026-08-14,10608.87,9564.24,9865.04,9799.05,10029.43,9767.45,10659.37,11366.9,10243.64,10136.57,12319.69
2026-08-14,10608.87,9596.02,9886.86,9824.0,10042.55,9797.35,10659.37,11375.38,10254.06,10115.99,12319.69
2026-08-14,10608.87,9618.76,9915.18,9852.55,10048.14,9821.22,10659.37,11394.83,10277.96,10181.12,12319.69
2026-08-14,10596.15,9573.91,9871.06,9804.3,10024.11,9769.87,10659.37,11384.66,10265.47,10161.89,12319.69
2026-08-14,10596.15,9576.5,9868.55,9804.32,10024.08,9769.39,10659.37,11386.15,10267.29,10154.96,12319.69
2026-08-14,10596.15,9589.05,9878.84,9820.99,10028.13,9783.78,10659.37,11386.62,10200.2,10163.24,12319.69
2026-08-14,10596.15,9578.1,9863.21,9805.04,10023.38,9768.27,10659.37,11386.08,10181.55,10142.37,12319.69
2026-08-14,10596.15,9584.6,9862.35,9810.06,10027.0,9775.29,10659.37,11368.85,10181.55,10122.04,12319.69
2026-08-14,10596.15,9595.25,9881.73,9823.65,10030.37,9787.35,10659.37,11374.84,10181.55,10152.78,12319.69
2026-08-14,10596.15,9587.9,9872.28,9812.21,10026.0,9774.7,10659.37,11368.11,10181.55,10148.54,12319.69
2026-08-14,10596.15,9568.02,9830.27,9778.16,10017.46,9742.47,10659.37,11337.29,10181.55,10070.5,12319.69
2026-08-14,10596.15,9527.72,9855.01,9792.6,10021.16,9754.75,10659.37,11373.02,10181.55,10093.92,12319.69
2026-08-14,10596.15,9532.4,9859.66,9793.63,9993.83,9754.61,10659.37,11363.87,10181.55,10142.75,12319.69
2026-08-14,10914.46,9545.45,9882.67,9823.92,10126.93,9789.09,10659.37,11371.54,10181.55,10144.04,12319.69
2026-08-14,10596.15,9520.0,9861.43,9799.53,9993.83,9765.71,10659.37,11353.37,10181.55,10090.85,12319.69
2026-08-14,10935.28,9491.87,9838.73,9782.75,10130.22,9750.3,10659.37,11351.42,10181.55,10077.08,12319.69
2026-08-14,10935.28,9507.51,9855.82,9796.28,10133.02,9765.68,10659.37,11345.29,10181.55,10056.29,12319.69
2026-08-14,10935.28,9518.3,9849.07,9783.11,10132.15,9745.1,10659.37,11342.67,10181.55,10112.75,12319.69
2026-08-14,10935.28,9520.34,9870.82,9808.64,10133.09,9775.7,10659.37,11334.66,10181.55,10130.04,12319.69
2026-08-14,10935.28,9522.78,9844.69,9784.71,10133.08,9743.06,10659.37,11303.23,10181.55,10115.9,12319.69
2026-08-14,10935.28,9533.57,9856.17,9796.05,10133.09,9755.85,10659.37,11355.25,10181.55,10127.0,12319.69
2026-08-15,10935.28,9540.62,9885.84,9825.07,10133.09,9790.07,10659.37,11364.07,10181.55,10150.99,12319.69
2026-08-15,10935.28,9551.95,9898.48,9837.26,10136.83,9804.91,10659.37,11361.98,10181.55,10155.36,12319.69
2026-08-15,10964.24,9570.11,9906.76,9848.44,10149.52,9815.04,10659.37,11401.35,10181.55,10133.26,12319.69
2026-08-15,10964.24,9574.95,9914.94,9849.46,10148.84,9814.76,10659.37,11393.28,10181.55,10174.48,12319.69
2026-08-15,10992.82,9581.91,9918.35,9850.88,10161.24,9815.27,10659.37,11396.37,10181.55,10184.88,12319.69
2026-08-15,11024.57,9547.13,9902.9,9835.12,10170.89,9803.55,10659.37,11374.57,10181.55,10168.42,12319.69
2026-08-15,11024.57,9565.04,9911.75,9842.22,10172.88,9809.47,10659.37,11398.33,10181.55,10183.17,12319.69
2026-08-15,11024.57,9544.46,9903.82,9837.36,10172.14,9806.59,10659.37,11337.76,10181.55,10159.39,12319.69
2026-08-15,11007.85,9544.46,9888.62,9819.32,10164.37,9785.76,10659.37,11371.34,10181.55,10136.23,12319.69
2026-08-15,11007.85,9559.97,9902.53,9836.36,10166.23,9802.82,10659.37,11375.51,10181.55,10146.75,12319.69
2026-08-15,11035.13,9556.78,9907.39,9837.31,10177.92,9803.78,10659.37,11324.9,10181.55,10173.58,12319.69
2026-08-15,10614.37,9564.11,9907.35,9838.49,10004.87,9804.23,10659.37,11372.01,10181.55,10167.51,12319.69
2026-08-15,10614.37,9534.23,9861.48,9795.53,10002.04,9758.23,10659.37,11375.78,10181.55,10109.88,12319.69
2026-08-15,10614.37,9552.58,9893.9,9826.86,10004.75,9793.42,10659.37,11369.39,10181.55,10135.03,12319.69
2026-08-15,11053.34,9516.93,9868.85,9801.91,10180.35,9770.01,10659.37,11360.23,10181.55,10115.22,12319.69
2026-08-15,11053.34,9516.3,9860.06,9797.74,10180.96,9764.51,10659.37,11360.64,10181.55,10107.08,12319.69
2026-08-15,11053.34,9556.75,9896.43,9830.42,10184.39,9794.88,10659.37,11360.3,10181.55,10166.06,12319.69
2026-08-15,11053.34,9545.7,9874.59,9809.12,10184.27,9769.42,10659.37,11308.95,10181.55,10157.66,12319.69
2026-08-15,11053.34,9531.9,9878.43,9822.8,10181.61,9788.04,10659.37,11347.85,10181.55,10158.17,12319.69
2026-08-15,11053.34,9523.06,9857.49,9797.77,10174.34,9760.96,10659.37,11314.87,10181.55,10101.46,12319.69
2026-08-15,11053.34,9554.73,9891.3,9829.79,10174.34,9793.8,10659.37,11360.5,10181.55,10161.32,12319.69
2026-08-15,11053.34,9552.47,9897.34,9836.88,10174.34,9801.81,10659.37,11327.53,10181.55,10168.77,12319.69
2026-08-15,11053.34,9517.07,9865.27,9809.6,10174.34,9777.82,10659.37,11361.18,10181.55,10101.81,12319.69
2026-08-15,11053.34,9536.21,9879.5,9818.85,10174.34,9785.05,10659.37,11327.53,10181.55,10107.44,12319.69
2026-08-16,11053.34,9551.82,9888.46,9827.01,10174.34,9790.96,10659.37,11355.99,10181.55,10156.48,12319.69
2026-08-16,11053.34,9541.76,9884.23,9823.89,10174.34,9788.76,10659.37,11350.41,10181.55,10155.52,12319.69
2026-08-16,11053.34,9534.4,9870.73,9807.77,10174.34,9770.3,10659.37,11360.1,10181.55,10159.82,12319.69
2026-08-16,11360.9,9526.21,9874.68,9814.01,10300.45,9779.82,10659.37,11342.74,10181.55,10158.33,12319.69
2026-08-16,11254.7,9518.11,9868.56,9809.7,10300.45,9776.36,10659.37,11337.55,10181.55,10133.75,12319.69
2026-08-16,11254.7,9530.78,9875.26,9814.52,10300.45,9780.26,10659.37,11327.86,10181.55,10133.68,12319.69
2026-08-16,11254.7,9517.18,9857.95,9797.33,10253.38,9761.97,10659.37,11330.35,10181.55,10118.89,12319.69
2026-08-16,11254.7,9513.41,9855.26,9795.77,10081.81,9760.16,10659.37,11346.77,10181.55,10127.33,12319.69
2026-08-16,11254.7,9522.29,9854.61,9799.1,10081.81,9762.3,10659.37,11347.65,10181.55,10129.49,12319.69
2026-08-16,11254.7,9521.42,9856.73,9796.28,10081.81,9760.12,10659.37,11340.31,10181.55,10122.17,12319.69
2026-08-16,11254.7,9516.26,9853.14,9792.49,10081.81,9756.64,10659.37,11327.46,10181.55,10105.94,12319.69
2026-08-16,11254.7,9528.36,9869.61,9810.61,10081.81,9775.2,10659.37,11328.2,10181.55,10126.57,12319.69
2026-08-16,11254.7,9517.19,9849.63,9795.73,10081.81,9758.71,10659.37,11323.29,10181.55,10100.37,12319.69
2026-08-16,11254.7,9503.58,9844.8,9785.18,10081.81,9750.74,10659.37,11332.17,10181.55,10071.01,12319.69
2026-08-16,11254.7,9512.5,9854.24,9798.99,10081.81,9762.22,10659.37,11296.97,10181.55,10114.83,12319.69
2026-08-16,11254.7,9545.3,9862.04,9803.89,10081.81,9762.72,10659.37,11337.29,10181.55,10143.12,12319.69
2026-08-16,11254.7,9557.67,9877.47,9817.23,10081.81,9777.51,10659.37,11342.06,10181.55,10150.15,12319.69
2026-08-16,11254.7,9535.55,9859.54,9793.7,10081.81,9755.29,10659.37,11347.51,10181.55,10129.13,12319.69
2026-08-16,11254.7,9536.63,9863.88,9803.09,10081.81,9764.95,10659.37,11332.17,10181.55,10116.65,12319.69
2026-08-16,11254.7,9521.22,9866.23,9806.9,10081.81,9774.31,10659.37,11318.85,10181.55,10064.5,12319.69
2026-08-16,11254.7,9530.85,9853.55,9790.16,10081.81,9751.42,10659.37,11337.49,10181.55,10097.52,12319.69
2026-08-16,11254.7,9489.05,9828.3,9766.92,10081.81,9732.37,10659.37,11273.62,10181.55,10020.4,12319.69
2026-08-16,11254.7,9481.75,9813.54,9760.31,10081.81,9723.55,10659.37,11298.45,10181.55,10019.7,12319.69
2026-08-16,11254.7,9500.92,9830.8,9770.93,10081.81,9733.29,10659.37,11290.44,10181.55,10045.56,12319.69
2026-08-17,11254.7,9489.87,9824.92,9764.99,10081.81,9729.64,10659.37,11291.39,10181.55,10045.16,12319.69
2026-08-17,11254.7,9521.14,9858.2,9799.87,10170.36,9765.43,10659.37,11316.29,10181.55,10095.24,12319.69
2026-08-17,11254.7,9559.11,9904.69,9850.64,10170.36,9817.74,10659.37,11327.53,10181.55,10140.97,12319.69
2026-08-17,11254.7,9575.14,9914.63,9861.43,10170.36,9828.41,10659.37,11344.15,10181.55,10145.06,12319.69
2026-08-17,11254.7,9573.55,9910.41,9852.28,10170.36,9819.13,10659.37,11341.32,10181.55,10143.77,12319.69
2026-08-17,11254.7,9559.17,9908.01,9854.05,10170.36,9823.79,10659.37,11333.45,10181.55,10127.24,12319.69
2026-08-17,11254.7,9583.75,9924.09,9870.31,10170.36,9838.42,10659.37,11360.91,10181.55,10159.94,12319.69
2026-08-17,11254.7,9569.29,9914.53,9860.34,10170.36,9828.35,10659.37,11342.0,10181.55,10156.17,12319.69
2026-08-17,11254.7,9502.93,9860.97,9804.88,10240.98,9775.56,10659.37,11311.91,10181.55,10078.32,12319.69
2026-08-17,11254.7,9536.79,9872.67,9822.5,10240.98,9787.92,10659.37,11317.43,10181.55,10100.85,12319.69
2026-08-17,11254.7,9578.88,9917.06,9873.28,10234.16,9841.56,10659.37,11360.1,10181.55,10143.01,12319.69
2026-08-17,11254.7,9564.7,9916.65,9867.32,10234.16,9835.95,10659.37,11294.95,10181.55,10144.57,12319.69
2026-08-17,11254.7,9549.76,9890.68,9844.55,10234.16,9812.05,10659.37,11319.79,10181.55,10109.27,12319.69
2026-08-17,11254.7,9572.34,9904.38,9850.47,10234.16,9817.27,10659.37,11333.38,10181.55,10108.07,12319.69
2026-08-17,11254.7,9583.3,9925.49,9872.59,10234.16,9839.4,10659.37,11320.8,10181.55,10168.8,12319.69
2026-08-17,11254.7,9577.76,9956.53,9911.36,10234.16,9888.34,10659.37,11365.69,10181.55,10181.94,12319.69
2026-08-17,11254.7,9577.61,9930.95,9886.56,10234.16,9857.41,10659.37,11337.76,10181.55,10165.21,12319.69
2026-08-17,11254.7,9565.91,9948.76,9904.08,10234.16,9881.11,10659.37,11348.32,10181.55,10177.16,12319.69
2026-08-17,11254.7,9550.36,9935.34,9898.34,10234.16,9875.42,10659.37,11297.98,10181.55,10149.57,12319.69
2026-08-17,11254.7,9561.67,9952.22,9916.06,10234.16,9894.78,10659.37,11336.34,10181.55,10147.85,12319.69
2026-08-17,11254.7,9547.46,9945.39,9914.61,10234.16,9897.63,10659.37,11327.53,10181.55,10113.9,12319.69
2026-08-17,11254.7,9555.19,9930.74,9894.98,10234.16,9867.98,10659.37,11299.13,10181.55,10162.15,12319.69
2026-08-17,11254.7,9548.76,9914.02,9879.37,10234.16,9853.72,10659.37,11327.46,10181.55,10084.61,12319.69
2026-08-17,11254.7,9558.1,9964.3,9927.0,10234.16,9912.02,10659.37,11327.53,10181.55,10127.85,12319.69
2026-08-18,11254.7,9582.06,9964.73,9922.94,10234.16,9901.08,10659.37,11327.53,10181.55,10179.52,12319.69
2026-08-18,11254.7,9551.19,9943.49,9903.07,10234.16,9883.07,10659.37,11310.57,10181.55,10133.46,12319.69
2026-08-18,11254.7,9514.14,9913.43,9873.3,10234.16,9853.08,10659.37,11275.77,10181.55,10099.07,12319.69
2026-08-18,11335.54,9533.09,9938.17,9904.49,10138.1,9885.51,10782.84,11337.09,10299.49,10129.13,12319.69
2026-08-18,11334.38,9554.69,9939.91,9906.14,10126.34,9883.35,10681.57,11308.13,10202.76,10152.38,12319.69
2026-08-18,11352.42,9567.83,9948.33,9902.8,10156.82,9876.38,10890.12,11381.96,10401.96,10176.88,12319.69
2026-08-18,11381.72,9557.41,9942.63,9897.82,10155.09,9875.0,10783.06,11351.67,10299.7,10139.69,12319.69
2026-08-18,11362.44,9571.98,9962.16,9918.81,10149.89,9895.5,10798.36,11359.05,10314.31,10197.69,12319.69
2026-08-18,11298.13,9572.16,9941.64,9896.17,10190.39,9867.44,10782.65,11288.28,10299.31,10181.25,12319.69
2026-08-18,11363.58,9555.75,9946.41,9903.48,10216.27,9879.82,10802.12,11294.67,10317.9,10186.83,12319.69
2026-08-18,11397.82,9574.5,9955.18,9912.86,10241.89,9887.65,10917.51,11332.54,10428.13,10182.22,12319.69
2026-08-18,11396.19,9587.85,9972.02,9937.49,10225.8,9913.57,10782.65,11288.28,10299.31,10196.35,12319.69
2026-08-18,11438.54,9573.17,9941.53,9899.38,10241.09,9869.1,10782.65,11288.28,10299.31,10206.52,12319.69
2026-08-18,11406.12,9531.6,9927.61,9886.75,10234.02,9862.87,10822.97,11301.51,10337.82,10158.9,12319.69
2026-08-18,11496.4,9611.38,10037.18,10007.54,10273.17,9993.08,10879.97,11320.22,10392.27,10236.61,12319.69
2026-08-18,11420.35,9616.41,10019.72,9980.68,10088.95,9959.01,10917.16,11305.84,10427.8,10297.44,12319.69
2026-08-18,11475.78,9619.49,10028.61,9998.01,10105.29,9979.47,10885.18,11295.35,10397.25,10282.31,12319.69
2026-08-18,11482.89,9595.77,10001.63,9970.6,10101.62,9951.22,10830.96,11277.55,10345.46,10225.47,12319.69
2026-08-18,11528.04,9594.24,10013.11,9983.44,10121.28,9966.12,10860.16,11287.13,10373.35,10279.19,12319.69
2026-08-18,11516.13,9598.28,10001.21,9975.93,10117.62,9957.62,10865.72,11288.96,10378.66,10232.95,12319.69
2026-08-18,11485.87,9595.32,9978.06,9948.81,10103.02,9925.71,10833.74,11278.47,10348.12,10220.44,12319.69
2026-08-18,11444.79,9601.46,9984.34,9950.58,10088.19,9926.88,10833.74,11278.47,10348.12,10228.77,12319.69
2026-08-18,11372.62,9616.18,10019.25,9987.13,10060.53,9966.42,10819.84,11273.9,10334.84,10282.16,12319.69
2026-08-18,11441.29,9622.6,10022.26,9996.46,10085.32,9976.87,10819.84,11273.9,10334.84,10241.49,12319.69
2026-08-19,11439.68,9615.32,10010.91,9976.86,10083.94,9956.15,10812.89,11271.62,10328.2,10234.0,12319.69
2026-08-19,11485.33,9619.19,10009.98,9973.81,10106.66,9951.31,10867.11,11289.42,10379.99,10271.9,12319.69
2026-08-19,11461.59,9597.7,9992.02,9962.03,10232.99,9940.45,10950.96,11337.61,10460.08,10254.75,12319.69
2026-08-19,11483.33,9589.53,9981.4,9942.77,10229.01,9918.67,10848.08,11290.88,10361.81,10279.49,12319.69
2026-08-19,11496.18,9603.64,9992.99,9959.31,10245.16,9936.63,10948.18,11323.74,10457.42,10265.28,12319.69
2026-08-19,11491.4,9597.14,9972.65,9935.43,10243.43,9909.06,10948.18,11323.74,10457.42,10257.06,12319.69
2026-08-19,11505.42,9603.85,9971.71,9933.82,10246.1,9905.16,10927.33,11316.89,10437.5,10273.87,12319.69
2026-08-19,11508.95,9604.35,9968.86,9936.01,10249.29,9907.83,10944.01,11322.37,10453.44,10258.19,12319.69
2026-08-19,11419.17,9611.7,10006.05,9973.27,10216.72,9951.87,10942.62,11321.91,10452.11,10301.14,12319.69
2026-08-19,11492.91,9600.53,9996.63,9965.49,10243.5,9946.71,10944.01,11322.37,10453.44,10238.08,12319.69
2026-08-19,11505.16,9625.18,10010.95,9977.62,10248.08,9954.11,10945.4,11322.82,10454.77,10299.37,12319.69
2026-08-19,11509.52,9635.16,10020.38,9991.5,10281.41,9968.6,10960.5,11322.82,10469.18,10298.54,12319.69
2026-08-19,11515.96,9658.31,10032.47,10001.44,10286.93,9975.84,10968.38,11331.95,10495.74,10365.34,12319.69
2026-08-19,11474.18,9653.27,10051.61,10024.96,10268.33,10005.34,10937.79,11321.91,10466.53,10367.69,12319.69
2026-08-19,11671.6,9805.57,10203.13,10173.05,10327.14,10152.74,10829.35,11286.32,10362.94,10645.17,12319.69
2026-08-19,11897.37,10073.6,10506.19,10377.41,10577.64,10517.74,11169.97,11398.11,10747.26,10760.12,12319.69
2026-08-19,11878.74,9998.73,10383.95,10318.17,10517.76,10491.59,11085.16,11364.05,10666.25,10782.08,12319.69
2026-08-19,11891.66,10080.03,10461.38,10317.14,10531.22,10444.93,11161.63,11364.05,10739.29,10778.05,12319.69
2026-08-19,11986.97,10072.92,10436.66,10251.52,10569.95,10396.79,11199.17,11364.05,10698.11,10836.22,12319.69
2026-08-19,11854.37,10179.69,10566.92,10335.41,10586.56,10426.88,11095.04,11364.05,10657.21,10863.09,12319.69
2026-08-19,11854.37,10436.05,10850.52,10464.83,10671.88,10554.47,11095.04,11364.05,10796.65,10968.38,12319.69
2026-08-19,11854.37,10758.25,10968.77,10642.46,10686.58,10723.11,11095.04,11364.05,11074.2,11015.81,12319.69
2026-08-19,11854.37,10626.68,10791.06,10488.38,10673.02,10590.84,11095.04,11364.05,10970.4,10879.3,12319.69
2026-08-19,11854.37,10611.2,10770.6,10461.42,10673.02,10556.14,11095.04,11364.05,10970.4,10873.15,12319.69
2026-08-20,11854.37,10625.47,10817.04,10496.17,10664.24,10581.04,11095.04,11364.05,10970.4,10864.31,12319.69
2026-08-20,11854.37,10606.69,10795.41,10472.53,10633.93,10556.43,11095.04,11364.05,10970.4,10860.27,12319.69
2026-08-20,11854.37,10589.09,10752.47,10430.83,10641.37,10524.59,11095.04,11364.05,10970.4,10850.16,12319.69
2026-08-20,11854.37,10576.42,10692.74,10342.37,10632.33,10489.7,11095.04,11364.05,10970.4,10866.68,12319.69
2026-08-20,11854.37,10576.02,10703.04,10391.41,10635.79,10494.84,11095.04,11364.05,10970.4,10882.01,12319.69
2026-08-20,11854.37,10729.97,10742.13,10434.18,10610.0,10549.05,11095.04,11364.05,11063.89,10893.25,12319.69
2026-08-20,11854.37,10748.65,10815.77,10478.35,10643.5,10602.24,11095.04,11364.05,11063.89,10906.18,12319.69
2026-08-20,11854.37,10734.04,10817.22,10475.08,10644.03,10579.6,11095.04,11364.05,11063.89,10917.86,12319.69
2026-08-20,11854.37,10857.22,10939.6,10595.84,10677.01,10748.56,11095.04,11364.05,11063.89,10970.21,12319.69
2026-08-20,11854.37,10851.79,10928.86,10565.97,10684.45,10749.0,11095.04,11364.05,11094.86,10979.84,12319.69
2026-08-20,11854.37,10942.06,11016.28,10660.55,10671.16,10836.73,11095.04,11364.05,11090.97,11015.31,12319.69
2026-08-20,11854.37,11021.84,11112.31,10728.16,10699.61,10907.05,11095.04,11364.05,11090.97,11078.11,12319.69
2026-08-20,11854.37,10993.32,11038.15,10666.1,10682.06,10845.63,11095.04,11364.05,11090.97,11056.11,12319.69
2026-08-20,11854.37,11009.9,11051.71,10675.01,10702.0,10839.65,11095.04,11364.05,11109.52,11089.46,12319.69
2026-08-20,11854.37,10999.43,11029.91,10696.6,10726.46,10847.42,11095.04,11364.05,11109.52,11047.56,12319.69
2026-08-20,11854.37,11120.42,11169.13,10812.84,10801.45,10985.54,11095.04,11364.05,11109.52,11127.28,12319.69
2026-08-20,11854.37,11183.97,11258.93,10894.63,10779.34,11068.6,11095.04,11364.05,11169.0,11155.88,12319.69
2026-08-20,11854.37,11189.53,11239.47,10882.15,10779.34,11056.63,11095.04,11364.05,11147.9,11131.62,12319.69
2026-08-20,11854.37,11047.23,11080.19,10694.44,10779.34,10920.64,11095.04,11364.05,11147.9,11102.09,12319.69
2026-08-20,11854.37,11024.79,11080.11,10704.6,10779.34,10923.76,11095.04,11364.05,11147.9,11111.04,12319.69
2026-08-20,11854.37,11054.4,11088.15,10719.68,10779.34,10941.05,11095.04,11364.05,11147.9,11110.77,12319.69
2026-08-20,11854.37,11065.6,11097.42,10746.64,10779.34,10971.91,11095.04,11364.05,11147.9,11117.39,12319.69
2026-08-20,11854.37,11081.87,11128.89,10782.8,10779.34,10996.68,11095.04,11364.05,11147.9,11134.38,12319.69
2026-08-20,11854.37,11170.81,11192.31,10796.65,10779.34,11067.79,11095.04,11364.05,11147.9,11132.91,12319.69
2026-08-21,11854.37,11175.83,11192.1,10809.64,10779.34,11078.14,11095.04,11364.05,11147.9,11158.35,12319.69
2026-08-21,11854.37,11249.56,11270.24,10892.33,10779.34,11152.64,11095.04,11364.05,11147.9,11135.46,12319.69
2026-08-21,11854.37,11224.94,11293.65,10957.74,10779.34,11118.66,11095.04,11364.05,11147.9,11160.35,12319.69
2026-08-21,11854.37,11291.57,11306.83,10933.17,10779.34,11164.94,11095.04,11364.05,11147.9,11179.73,12319.69
2026-08-21,11854.37,11272.02,11303.28,10937.16,10779.34,11167.52,11095.04,11364.05,11147.9,11181.68,12319.69
2026-08-21,11854.37,11316.43,11355.56,10951.98,10779.34,11220.35,11095.04,11364.05,11147.9,11196.44,12319.69
2026-08-21,11854.37,11354.72,11402.76,11013.55,10779.34,11254.08,11095.04,11364.05,11147.9,11240.03,12319.69
2026-08-21,11854.37,11512.02,11651.7,11294.75,10779.34,11386.75,11095.04,11364.05,11147.9,11291.17,12319.69
2026-08-21,11854.37,11659.32,11783.58,11439.51,10779.34,11589.52,11095.04,11364.05,11147.9,11374.27,12319.69
2026-08-21,11854.37,11631.34,11690.94,11289.78,10779.34,11650.85,11095.04,11364.05,11147.9,11336.89,12319.69
2026-08-21,11854.37,11672.98,11714.95,11348.79,10779.34,11643.73,11095.04,11364.05,11147.9,11330.05,12319.69
2026-08-21,11854.37,11550.71,11602.65,11264.49,10779.34,11575.03,11095.04,11364.05,11147.9,11344.95,12319.69
2026-08-21,11854.37,11617.86,11696.11,11371.42,10779.34,11649.38,11095.04,11364.05,11147.9,11396.33,12319.69
2026-08-21,11854.37,11635.96,11754.03,11385.97,10779.34,11724.56,11095.04,11364.05,11147.9,11420.9,12319.69
2026-08-21,11854.37,11702.58,11802.6,11432.48,10779.34,11765.56,11095.04,11364.05,11147.9,11466.13,12319.69
2026-08-21,11854.37,11759.69,11896.64,11452.67,10779.34,11814.31,11095.04,11364.05,11147.9,11455.73,12319.69
2026-08-21,11854.37,11706.75,11872.67,11425.19,10779.34,11775.66,11095.04,11364.05,11147.9,11410.99,12319.69
2026-08-21,11854.37,11750.88,11911.34,11468.89,10779.34,11804.07,11095.04,11364.05,11147.9,11439.31,12319.69
2026-08-21,11854.37,11588.81,11830.51,11405.84,10779.34,11718.27,11095.04,11364.05,11147.9,11371.5,12319.69
2026-08-21,11854.37,11556.54,11740.58,11317.11,10779.34,11610.38,11095.04,11364.05,11147.9,11343.97,12319.69
2026-08-21,11854.37,11707.22,11918.01,11505.87,10779.34,11741.69,11095.04,11364.05,11147.9,11421.19,12319.69
2026-08-21,11854.37,11871.78,12063.85,11670.82,10779.34,11892.79,11095.04,11364.05,11147.9,11448.36,12319.69
2026-08-21,11854.37,12019.84,12177.74,11816.42,10779.34,12071.67,11095.04,11364.05,11147.9,11532.67,12319.69
2026-08-21,11854.37,11968.87,12111.72,11759.2,10779.34,12029.31,11095.04,11364.05,11147.9,11481.71,12319.69
2026-08-22,11854.37,12029.16,12174.17,11948.4,10779.34,12114.46,11095.04,11364.05,11147.9,11611.89,12319.69
2026-08-22,11854.37,12111.24,12278.22,11995.35,10779.34,12211.74,11095.04,11364.05,11147.9,11602.64,12319.69
2026-08-22,11854.37,12321.84,12590.39,12265.86,10779.34,12446.02,11095.04,11364.05,11147.9,11850.22,12319.69
2026-08-22,11854.37,12653.75,12666.38,12329.56,10779.34,12549.94,11095.04,11364.05,11147.9,11884.4,12319.69
2026-08-22,11854.37,12882.73,12861.66,12399.3,10779.34,12734.72,11095.04,11364.05,11147.9,12071.23,12319.69
2026-08-22,11854.37,12156.33,12022.81,11803.06,10779.34,11896.18,11095.04,11364.05,11147.9,11737.55,12319.69
2026-08-22,11854.37,12030.79,12003.76,11760.77,10779.34,11885.9,11095.04,11364.05,11147.9,11707.01,12319.69
2026-08-22,11854.37,12044.14,11997.03,11762.96,10779.34,11850.24,11095.04,11364.05,11147.9,11739.27,12319.69
2026-08-22,11854.37,11919.49,11875.37,11675.38,10779.34,11740.62,11095.04,11364.05,11147.9,11700.99,12319.69
2026-08-22,11854.37,11943.14,11854.04,11698.02,10779.34,11687.86,11095.04,11364.05,11147.9,11616.28,12319.69
2026-08-22,11854.37,11805.68,11719.32,11580.96,10779.34,11469.26,11095.04,11364.05,11147.9,11488.15,12319.69
2026-08-22,11854.37,11796.8,11744.52,11612.04,10779.34,11469.37,11095.04,11364.05,11147.9,11491.49,12319.69
2026-08-22,11854.37,11819.19,11809.23,11666.9,10779.34,11565.35,11095.04,11364.05,11147.9,11521.85,12319.69
2026-08-22,11854.37,11819.57,11770.12,11629.51,10779.34,11553.55,11095.04,11364.05,11147.9,11538.57,12319.69
2026-08-22,11854.37,11754.2,11701.76,11590.13,10779.34,11452.57,11095.04,11364.05,11147.9,11496.01,12319.69
2026-08-22,11854.37,11681.36,11701.14,11556.36,10779.34,11427.48,11095.04,11364.05,11147.9,11470.08,12319.69
2026-08-22,11854.37,11833.32,11885.87,11722.34,10779.34,11563.57,11095.04,11364.05,11147.9,11570.07,12319.69
2026-08-22,11854.37,11947.87,11985.93,11744.94,10779.34,11646.81,11095.04,11364.05,11147.9,11585.69,12319.69
2026-08-22,11854.37,11739.14,11866.52,11747.05,10779.34,11587.22,11095.04,11364.05,11147.9,11541.08,12319.69
2026-08-22,11854.37,11756.02,11836.06,11756.74,10779.34,11570.88,11095.04,11364.05,11147.9,11575.47,12319.69
2026-08-22,11854.37,11809.24,11883.07,11745.41,10779.34,11610.79,11095.04,11364.05,11147.9,11542.55,12319.69
2026-08-22,11854.37,11565.68,11645.79,11620.94,10779.34,11419.23,11095.04,11364.05,11147.9,11469.3,12319.69
2026-08-22,11854.37,11546.9,11646.27,11634.64,10779.34,11446.46,11095.04,11364.05,11147.9,11502.46,12319.69
2026-08-22,11854.37,11526.19,11660.14,11613.49,10779.34,11453.9,11095.04,11364.05,11147.9,11475.55,12319.69
2026-08-23,11854.37,11561.65,11647.11,11620.9,10779.34,11452.25,11095.04,11364.05,11147.9,11528.27,12319.69
2026-08-23,11854.37,11536.22,11627.22,11552.59,10779.34,11406.45,11095.04,11364.05,11147.9,11476.99,12319.69
2026-08-23,11854.37,11443.26,11502.48,11472.02,10779.34,11267.07,11095.04,11364.05,11147.9,11444.2,12319.69
2026-08-23,11854.37,11410.93,11420.66,11353.79,10779.34,11146.89,11095.04,11364.05,11147.9,11379.19,12319.69
2026-08-23,11854.37,11270.2,11268.19,11216.89,10779.34,11062.77,11095.04,11364.05,11147.9,11331.09,12319.69
2026-08-23,11854.37,11266.37,11250.36,11236.25,10779.34,11048.59,11095.04,11364.05,11147.9,11342.22,12319.69
2026-08-23,11854.37,11288.21,11258.57,11246.22,10779.34,11068.64,11095.04,11364.05,11147.9,11343.04,12319.69
2026-08-23,11854.37,11258.32,11276.63,11224.39,10779.34,11079.06,11095.04,11364.05,11147.9,11407.58,12319.69
2026-08-23,11854.37,11334.24,11357.87,11276.5,10779.34,11173.3,11095.04,11364.05,11147.9,11476.53,12319.69
2026-08-23,11854.37,11365.82,11390.35,11286.16,10779.34,11173.57,11095.04,11364.05,11147.9,11500.08,12319.69
2026-08-23,11854.37,11413.25,11434.03,11392.27,10779.34,11260.07,11095.04,11364.05,11147.9,11456.4,12319.69
2026-08-23,11854.37,11557.73,11542.34,11488.47,10779.34,11344.85,11095.04,11364.05,11147.9,11529.0,12319.69
2026-08-23,11854.37,11566.12,11544.59,11473.81,10779.34,11313.33,11095.04,11364.05,11147.9,11467.89,12319.69
2026-08-23,11854.37,11631.14,11676.6,11596.23,10779.34,11454.21,11095.04,11364.05,11147.9,11571.4,12319.69
2026-08-23,11854.37,11511.59,11620.72,11578.46,10779.34,11376.39,11095.04,11364.05,11147.9,11526.84,12319.69
2026-08-23,11854.37,11636.32,11678.92,11647.24,10779.34,11459.96,11095.04,11364.05,11147.9,11510.03,12319.69
2026-08-23,11854.37,11592.1,11695.78,11643.13,10779.34,11452.09,11095.04,11364.05,11147.9,11571.78,12319.69
2026-08-23,11854.37,11683.61,11708.74,11638.6,10779.34,11439.12,11095.04,11364.05,11147.9,11584.58,12319.69
2026-08-23,11854.37,11693.19,11688.15,11659.62,10779.34,11451.97,11095.04,11364.05,11147.9,11535.98,12319.69
2026-08-23,11854.37,11593.31,11645.52,11614.21,10779.34,11405.51,11095.04,11364.05,11147.9,11443.38,12319.69
2026-08-23,11854.37,11640.07,11645.01,11611.25,10779.34,11403.17,11095.04,11364.05,11147.9,11445.14,12319.69
2026-08-23,11854.37,11715.28,11715.82,11668.4,10779.34,11473.14,11095.04,11364.05,11147.9,11466.18,12319.69
2026-08-23,11854.37,11666.99,11715.95,11656.32,10779.34,11450.54,11095.04,11364.05,11147.9,11537.96,12319.69
2026-08-23,11854.37,11689.23,11704.19,11647.04,10779.34,11420.78,11095.04,11364.05,11147.9,11521.61,12319.69
2026-08-24,11854.37,11576.35,11652.91,11620.83,10779.34,11376.76,11095.04,11364.05,11147.9,11476.13,12319.69
2026-08-24,11854.37,11480.15,11551.62,11517.83,10779.34,11311.34,11095.04,11364.05,11147.9,11482.42,12319.69
2026-08-24,11854.37,11500.9,11558.02,11527.37,10779.34,11331.54,11095.04,11364.05,11147.9,11494.73,12319.69
2026-08-24,11854.37,11413.27,11483.57,11444.1,10779.34,11263.83,11095.04,11364.05,11147.9,11393.63,12319.69
2026-08-24,11854.37,11494.0,11545.84,11500.16,10779.34,11268.12,11095.04,11364.05,11147.9,11417.25,12319.69
2026-08-24,11854.37,11560.99,11601.1,11548.14,10779.34,11381.75,11095.04,11364.05,11147.9,11481.99,12319.69
2026-08-24,11854.37,11524.91,11553.85,11535.02,10779.34,11329.21,11095.04,11364.05,11147.9,11410.25,12319.69
2026-08-24,11854.37,11477.94,11531.49,11518.34,10779.34,11309.14,11095.04,11364.05,11147.9,11420.26,12319.69
2026-08-24,11854.37,11450.16,11514.21,11484.39,10779.34,11268.99,11095.04,11364.05,11147.9,11401.05,12319.69
2026-08-24,11854.37,11457.15,11561.67,11537.96,10779.34,11303.24,11095.04,11364.05,11147.9,11417.68,12319.69
2026-08-24,11854.37,11584.28,11583.87,11603.25,10779.34,11378.02,11095.04,11364.05,11147.9,11436.76,12319.69
2026-08-24,11854.37,11610.88,11657.84,11649.21,10779.34,11432.22,11095.04,11364.05,11147.9,11481.09,12319.69
2026-08-24,11854.37,11732.71,11715.95,11673.74,10779.34,11456.91,11095.04,11364.05,11147.9,11567.91,12319.69
2026-08-24,11854.37,11574.63,11607.21,11605.78,10779.34,11364.14,11095.04,11364.05,11147.9,11453.75,12319.69
2026-08-24,11854.37,11707.33,11785.24,11770.51,10779.34,11491.84,11095.04,11364.05,11147.9,11544.92,12319.69
2026-08-24,11854.37,11641.43,11708.42,11711.01,10779.34,11398.25,11095.04,11364.05,11147.9,11471.37,12319.69
2026-08-24,11854.37,11680.12,11744.29,11735.22,10779.34,11424.31,11095.04,11364.05,11147.9,11533.65,12319.69
2026-08-24,11854.37,11612.22,11676.72,11672.3,10779.34,11347.42,11095.04,11364.05,11147.9,11518.48,12319.69
2026-08-24,11854.37,11672.05,11713.88,11711.28,10779.34,11404.51,11095.04,11364.05,11147.9,11531.43,12319.69
2026-08-24,11854.37,11621.54,11691.09,11691.29,10779.34,11372.06,11095.04,11364.05,11147.9,11559.61,12319.69
2026-08-24,11854.37,11675.06,11700.89,11701.13,10779.34,11383.18,11095.04,11364.05,11147.9,11538.64,12319.69
2026-08-24,11854.37,11662.16,11707.28,11721.4,10779.34,11374.97,11095.04,11364.05,11147.9,11494.59,12319.69
2026-08-24,11854.37,11694.36,11717.38,11718.76,10779.34,11370.2,11095.04,11364.05,11147.9,11514.45,12319.69
2026-08-24,11854.37,11681.46,11728.71,11726.49,10779.34,11378.72,11095.04,11364.05,11147.9,11507.91,12319.69
2026-08-25,11854.37,11766.12,11832.3,11839.28,10779.34,11447.07,11095.04,11364.05,11147.9,11529.75,12319.69
2026-08-25,11854.37,11858.33,11824.69,11846.05,10779.34,11432.27,11095.04,11364.05,11147.9,11545.76,12319.69
2026-08-25,11854.37,11883.21,11926.95,11966.42,10779.34,11521.11,11095.04,11364.05,11147.9,11520.87,12319.69
2026-08-25,11854.37,11851.74,11871.91,11924.48,10779.34,11497.92,11095.04,11364.05,11147.9,11485.96,12319.69
2026-08-25,11854.37,11840.41,11881.52,11911.02,10779.34,11480.33,11095.04,11364.05,11147.9,11510.8,12319.69
2026-08-25,11854.37,11920.89,11968.57,11995.05,10779.34,11604.75,11095.04,11364.05,11147.9,11569.68,12319.69
2026-08-25,11854.37,11904.25,11920.73,11887.56,10779.34,11505.0,11095.04,11364.05,11147.9,11568.19,12319.69
2026-08-25,11854.37,11835.24,11849.81,11845.22,10779.34,11451.67,11095.04,11364.05,11147.9,11518.8,12319.69
2026-08-25,11854.37,11871.34,11886.13,11876.65,10779.34,11485.14,11095.04,11364.05,11147.9,11606.02,12319.69
2026-08-25,11854.37,11879.48,11842.88,11842.26,10779.34,11456.01,11095.04,11364.05,11147.9,11556.88,12319.69
2026-08-25,11854.37,11892.6,11842.56,11839.68,10779.34,11438.46,11095.04,11364.05,11147.9,11599.76,12319.69
2026-08-25,11854.37,11786.77,11749.4,11757.25,10779.34,11367.61,11095.04,11364.05,11147.9,11548.43,12319.69
2026-08-25,11854.37,11870.07,11792.07,11819.65,10779.34,11481.08,11095.04,11364.05,11147.9,11562.85,12319.69
2026-08-25,11854.37,11692.74,11620.42,11667.18,10779.34,11287.4,11095.04,11364.05,11147.9,11492.76,12319.69
2026-08-25,11854.37,11714.88,11679.4,11725.02,10779.34,11343.92,11095.04,11364.05,11147.9,11471.33,12319.69
2026-08-25,11854.37,11739.09,11696.11,11746.87,10779.34,11372.11,11095.04,11364.05,11147.9,11505.85,12319.69
2026-08-25,11854.37,11744.56,11723.52,11744.95,10779.34,11386.46,11095.04,11364.05,11147.9,11479.49,12319.69
2026-08-25,11854.37,11723.85,11720.89,11763.93,10779.34,11356.13,11095.04,11364.05,11147.9,11463.89,12319.69
2026-08-25,11854.37,11723.83,11753.36,11774.76,10779.34,11410.4,11095.04,11364.05,11147.9,11487.07,12319.69
2026-08-25,11854.37,11741.8,11713.11,11687.17,10779.34,11398.39,11095.04,11364.05,11147.9,11503.84,12319.69
2026-08-25,11594.37,11646.37,11597.76,11555.01,10631.68,11260.86,11095.04,11364.05,11147.9,11478.68,12319.69
2026-08-25,11488.42,11619.85,11572.36,11528.09,10571.5,11249.29,11181.66,11430.57,11234.97,11400.51,12319.69
2026-08-25,11488.42,11657.06,11613.98,11558.01,10571.5,11257.41,11239.65,11475.11,11293.25,11382.48,12319.69
2026-08-25,11488.42,11608.81,11499.47,11495.98,10571.5,11177.2,11196.07,11441.64,11249.45,11382.48,12319.69
2026-08-26,11472.96,11580.16,11494.26,11499.34,10562.61,11147.22,11224.53,11463.5,11278.05,11318.69,12319.69
2026-08-26,11585.57,11643.75,11548.77,11608.52,10627.38,11216.12,11258.9,11489.89,11312.6,11336.4,12319.69
2026-08-26,11587.26,11750.75,11666.2,11666.61,10628.35,11309.4,11275.55,11502.68,11329.33,11412.82,12319.69
2026-08-26,11453.14,11664.54,11618.65,11636.42,10551.21,11243.46,11246.97,11480.73,11300.61,11365.34,12319.69
2026-08-26,11569.12,11644.38,11543.56,11601.68,10617.92,11197.11,11249.92,11483.0,11303.57,11282.59,12319.69
2026-08-26,11727.71,11698.28,11562.85,11594.65,10709.12,11242.41,11315.23,11533.15,11369.22,11307.24,12319.69
2026-08-26,11852.55,11724.11,11615.74,11676.39,10780.92,11308.09,11314.64,11532.7,11368.62,11321.25,12319.69
2026-08-26,11762.29,11737.51,11601.47,11623.0,10729.01,11278.05,11237.64,11473.56,11291.23,11331.14,12319.69
2026-08-26,11623.11,11729.72,11591.07,11605.33,10648.97,11299.03,11201.03,11445.45,11254.43,11363.42,12319.69
2026-08-26,11691.86,11668.59,11509.86,11573.26,10688.5,11183.75,11105.6,11372.16,11158.52,11316.65,12319.69
2026-08-26,11818.81,11753.53,11610.4,11655.2,10761.51,11250.28,11211.66,11453.61,11265.12,11329.4,12319.69
2026-08-26,11687.64,11752.64,11549.78,11596.26,10686.08,11252.63,11174.1,11424.77,11227.37,11276.21,12319.69
2026-08-26,11736.14,11711.98,11519.63,11614.38,10713.97,11239.37,11117.18,11381.05,11170.16,11319.4,12319.69
2026-08-26,11781.7,11672.12,11493.55,11548.28,10740.17,11220.37,11036.04,11318.74,11088.61,11330.89,12319.69
2026-08-26,11487.72,11595.04,11387.69,11460.06,10571.1,11163.75,10880.98,11199.65,10932.76,11320.33,12319.69
2026-08-26,11497.94,11620.29,11372.64,11472.32,10587.64,11150.49,10952.19,11254.34,11004.33,11200.92,12319.69
2026-08-26,11552.67,11596.89,11331.5,11448.6,10600.09,11136.15,10842.12,11169.81,10893.7,11173.24,12319.69
2026-08-26,11698.83,11622.85,11403.84,11482.62,10725.98,11149.72,10940.85,11245.63,10992.94,11216.13,12319.69
2026-08-26,11711.67,11651.49,11394.96,11521.2,10709.57,11197.85,10945.7,11249.35,10997.8,11204.62,12319.69
2026-08-26,11628.91,11661.77,11390.92,11518.5,10675.19,11223.13,10965.18,11264.32,11017.39,11211.19,12319.69
2026-08-26,11690.75,11650.68,11381.59,11547.92,10713.96,11187.31,11008.29,11297.42,11060.71,11198.5,12319.69
2026-08-26,11834.37,11741.5,11466.28,11604.48,10840.21,11243.88,11065.09,11341.05,11117.81,11273.64,12319.69
2026-08-26,11906.64,11777.95,11497.83,11596.3,10886.95,11280.83,11031.91,11315.56,11084.45,11334.94,12319.69
2026-08-26,12209.61,11897.69,11587.05,11642.95,11111.92,11315.18,11193.94,11440.0,11247.31,11390.23,12319.69
2026-08-27,12077.83,11873.86,11585.37,11652.61,10973.91,11351.74,11106.19,11372.61,11159.12,11410.45,12319.69
2026-08-27,12092.65,11894.58,11598.17,11649.29,10943.15,11341.61,11176.23,11426.4,11229.51,11443.67,12319.69
2026-08-27,12082.93,11845.93,11539.46,11634.29,10822.28,11333.45,11130.29,11391.12,11183.33,11383.8,12319.69
2026-08-27,12057.25,11875.42,11549.02,11632.42,10787.2,11342.91,11009.0,11297.97,11061.43,11352.91,12319.69
2026-08-27,12056.5,11819.66,11530.23,11566.09,10775.64,11288.92,11005.45,11295.25,11057.87,11362.79,12319.69
2026-08-27,12076.85,11854.27,11560.91,11634.72,10878.41,11347.85,11101.59,11369.08,11154.49,11306.35,12319.69
2026-08-27,12093.0,11865.45,11589.25,11640.87,10903.54,11338.68,11177.88,11427.67,11231.17,11286.61,12319.69
2026-08-27,12091.68,11900.94,11599.33,11631.74,10901.0,11339.36,11171.62,11422.86,11224.88,11307.33,12319.69
2026-08-27,12128.23,12046.82,11730.37,11777.77,11121.67,11474.74,11344.28,11555.47,11398.42,11338.97,12319.69
2026-08-27,12127.43,12040.45,11760.07,11835.9,11204.33,11538.39,11340.5,11474.96,11394.62,11437.25,12319.69
2026-08-27,12097.65,11996.88,11659.89,11732.9,11148.15,11418.34,11199.85,11474.96,11253.25,11373.67,12319.69
2026-08-27,12105.68,12007.95,11687.27,11733.31,11113.58,11452.64,11237.76,11474.96,11291.35,11393.88,12319.69
2026-08-27,12116.6,12016.26,11681.72,11755.29,11218.52,11450.7,11289.37,11474.96,11343.22,11369.59,12319.69
2026-08-27,12121.03,12042.81,11691.71,11754.43,11223.1,11471.06,11310.27,11474.96,11364.23,11449.79,12319.69
2026-08-27,12143.28,12098.16,11807.44,11827.97,11720.08,11612.36,11415.38,11474.96,11469.87,11476.01,12319.69
2026-08-27,12120.91,12176.88,11866.72,11899.55,11686.57,11684.6,11498.88,11474.96,11553.79,11480.94,12319.69
2026-08-27,12120.91,12197.39,11898.76,11895.71,11708.78,11682.36,11584.03,11474.96,11639.38,11513.14,12319.69
2026-08-27,12120.91,12161.21,11859.34,11856.0,11665.02,11649.7,11476.44,11474.96,11496.82,11521.38,12319.69
2026-08-27,12120.91,12128.69,11805.54,11806.97,11640.34,11604.21,11476.44,11474.96,11468.69,11510.7,12319.69
2026-08-27,12120.91,12143.94,11839.63,11854.58,11663.89,11648.01,11476.44,11474.96,11515.22,11496.11,12319.69
2026-08-27,12120.91,12171.09,11858.28,11884.77,11657.64,11676.05,11476.44,11474.96,11502.63,11513.27,12319.69
2026-08-27,12120.91,12152.18,11848.24,11876.57,11640.55,11668.27,11476.44,11474.96,11516.4,11451.96,12319.69
2026-08-27,12120.91,12158.37,11838.19,11890.2,11647.87,11669.86,11476.44,11474.96,11516.4,11514.35,12319.69
2026-08-27,12120.91,12152.98,11891.04,11893.7,11656.65,11668.92,11476.44,11474.96,11545.13,11478.15,12319.69
2026-08-28,12120.91,12149.48,11917.35,11883.66,11671.28,11664.06,11476.44,11474.96,11567.21,11477.87,12319.69
2026-08-28,12120.91,12148.42,11941.33,11916.59,11687.4,11682.81,11476.44,11474.96,11611.36,11468.26,12319.69
2026-08-28,12120.91,12051.86,11807.0,11779.46,11555.75,11592.89,11476.44,11474.96,11312.6,11390.58,12319.69
2026-08-28,12120.91,12058.48,11806.8,11775.74,11559.03,11585.99,11476.44,11474.96,11300.73,11435.9,12319.69
2026-08-28,12120.91,12054.31,11791.72,11778.26,11554.78,11566.69,11476.44,11474.96,11323.87,11376.16,12319.69
2026-08-28,12120.91,12055.21,11797.86,11762.55,11556.19,11568.93,11476.44,11474.96,11328.38,11417.01,12319.69
2026-08-28,12120.91,12069.51,11825.41,11791.17,11577.6,11599.07,11476.44,11474.96,11371.71,11405.67,12319.69
2026-08-28,12120.91,12017.16,11759.07,11744.16,11533.55,11555.58,11476.44,11474.96,11299.89,11376.49,12319.69
2026-08-28,12120.91,11974.68,11742.42,11700.35,11563.23,11502.55,11476.44,11474.96,11356.28,11332.82,12319.69
